ae92751ce0103cf1fe77dd7f219da00c,54816.0
3c1ad20d9b04dcd2396928dabb4a6790,32716.0
a2550f8b9406b58f3902687fa535409d,25318.0
46b7c5847dc5e9a230505bc8940341e4,21415.0
223baaa0b263c7e46400105bf50a2355,18338.0
330e83f777ce0554829f1e3ac66151d6,12104.0
f2286a77d0edfd51cbf9047f061592eb,11143.0
ae2fa4b7346126978298ce46beaf10a5,10907.0
c9d275cc18886d5cbfc2e9fd05cd2407,9745.0
efb5cc68ca290eb2c3fa59b20e97ba25,8668.0
fec15d321733653527361ccea45e7166,6829.0
8d09bb6a7229a6d1c178aae5b6aec6f9,6394.0
1a30d3687c11953d1d33350827d4be27,5167.0
bf9d846f1d8e070a572351f291013171,4274.0
a0e5b18caacc34d94ec8d041d6b220ca,3586.0
8bc2ea46d58eeff6c63b7f14a66a430d,3478.0
8b44396641b5cd1ba11e188c9e1de886,2927.0
3f3acf9c0302ab33d9213f8015c58bce,2798.0
92a4665249209ba7b2c63c6965df3264,2624.0
4adc59353d394f314a15dc9f0e25f541,2542.0
d10035ff46ffc55aa20b0aebab12c0ae,2516.0
609df950d9e4d16aa5adf031365457d6,2355.0
d3ad5a7e6d469b51618d5ee1cdb7568f,1879.0
6404575e723592506d84f6c288a11ef1,1863.0
b7499ab77231588d42e43dceec79c12a,1832.0
df506ff6409ea699c1d436963ff2fabf,1686.0
109359c63b38e7b9d2ed828218baa576,1641.0
18531757b6d659c6c450ecd50b6bdbaa,1604.0
dde7e8205e9b3cff0c512530621fa159,1601.0
46ebe34ecf76b0508ddfe14b02e09734,1553.0
5b91050ba3dbc6e1b7e27cec4ecbdee5,1528.0
dba125d782d6726b9cfeeeab4945ce6a,1448.0
56410367a3688a669b7a0f1e797f5097,1408.0
a61b72fffb56ab458b9e334d021a4330,1344.0
5700f32631280a4f8e7875433f75fc2d,1342.0
feb73ff01d6febc208f8a0b13aa892c8,1311.0
b8a23780b27ea2d85d81441d79ce5329,1271.0
46bf3ccfa307ed658562c46dacb6e6c6,1233.0
6a7de733a8dccd89b83105f348e4010f,1218.0
735334ca973244da6ea6fefce9a84a63,1147.0
e1aa84943277c6c0ed9c5bb65710040c,1139.0
abb681ea3dd46210f86bbd44dde191e8,1066.0
e662a929a52cfb76f266011e5c424572,1055.0
13f4905d106ea58e150fb963715f03a5,960.0
60af4bff06166ebf538e73b888abb152,926.0
f6d4b16e617a92382eac472c83e8cf68,923.0
4f2f3adaf40c18cf79e9fc21f148b7d4,916.0
1ab1fc85b0836299de6184adc2400b4e,902.0
d5138315489d93b27510b553963261be,898.0
b79f55333f12c518c11db78d9cb01d2d,882.0
e1d107fcadef679f918cae4087921194,839.0
83ed2ee7987df291bcd5dbc0916709f0,816.0
615e1c0f70f28d0b98f21a4851e8a459,781.0
77560a7964a4d64d1bbee71198cb645f,777.0
27a8c1e22a55612b8ec8d025c5f3ce88,777.0
e19d1ccb906366c477c53af60513f8ef,771.0
5863f747dfe7e00d5df859ca4f21b58d,714.0
5ad675f542f9076349abba2dda6feadd,714.0
6cc9e530d3bb68ec67fb9a514e51e967,710.0
718d20daeef58969a29ab84040f5b0b8,707.0
773f47e47bd324bde79ca09115566265,703.0
fbed66358050b3911d8d89b2458b1c5d,692.0
ec4a6b96c07346e593e8643664593151,692.0
763dc64fd628284f26b3a2ea9ecb2664,686.0
e562d1056d15e85a61c146bef26ecd41,681.0
372ace7310681d3f6a3a7eea8d23fbf6,666.0
8862305b5b596488d82766aa284d1e62,658.0
646edd32ea45945402e1256294831b0f,620.0
14cbe702e05606d6a98884834847eca0,620.0
09c02057c3ddcd10d8d5d27de0300e95,615.0
42f7015fc30ec5b2a5cec8a7f0f5bbad,614.0
147d90a38e6214de25d279fb7807d637,614.0
b09cc4e60511741b30a471151ee04507,609.0
3f33495630da5bc918602e637d8831a6,607.0
153e622c0abed3bdc6ce705414016ac5,587.0
b07b488519fedbf4707d32cccf646a93,586.0
21169d3174cff6e5b9b0a32a4cc195a5,562.0
80f67eca6944a4a5b4b027a02bb514f8,561.0
8b74083c747bf85b14e1b371878894a3,559.0
307153a62590fa7bfbf9653329934fb7,545.0
99c63596acf2be516832a67fd841c1e3,543.0
afeba100d01d954264314869c6a87f93,530.0
fd01fd05b60110b815891eaeebcfce2d,521.0
a7318f64b82e1ba5542f163d7f024ada,513.0
cbe1f333136429b94c77f3275389084b,493.0
be2c12b0e2fb53d02053bb500086f521,490.0
442ed5f4a216636857613e0e8c79b79c,481.0
c282eb5aeb23a80a93ed2b810dc91b27,470.0
64c1799b76c2039cf9a9c07725b528b4,466.0
2f5e936e78726f8c5a83200ff9c2cecd,458.0
09f928be13007ab59a0d858894f8ab38,456.0
9809944894b52edd95fb672ec7cc9f78,456.0
5b5b683661591d5211077f76831c383d,454.0
86300fc37a036cfc84b66c55fbd3fd32,445.0
69f2d7b60a6bf729e0cb90382f1911a0,435.0
fafb37f5cb03cfb127d8391f347173a4,425.0
3b9efb9da9a1d1b2cb9aa413c4561354,420.0
6cff406ea24640f16d1ed286b7d800d6,420.0
9385459429dd0961930743f19e328d79,419.0
48ed2b77c7f59c36bfc120987dd3711c,416.0
df52b8b3905ecb2585c85fa5b86b583e,411.0
107188f2f423e4d911807fa7910822db,403.0
713eadf2bb30bc07489d6c9ab4ff6915,394.0
824e522f7f07c52efe7c22dcd5f5a4d1,371.0
dcadac42fb43ac9c42d5cd2700d98312,369.0
fcac82a215cd36220af567ce969e822e,359.0
2f15ac2df72b8468ede3d9fb1fe766e2,358.0
2b9a84585969fbd2d1fa3cee4c878774,356.0
07f1659e2edfd3a78cb0190d576408ea,355.0
bed6de632dee86fc2be80f08af841690,353.0
3d8b7afd536be0cf8b94863a3245b86d,352.0
55caa668d230d0c9359e00b94db622e3,349.0
edb58e6344eb6e562476be1bb689a0ca,347.0
18086e137a75b5e406d8b58ed6327967,346.0
f11b92767f0737ddb9fe32a3ba3a1fa4,345.0
a20979c9fa8c3a562023d0cf6b7fc8c4,340.0
34808c5968549bc041675c7cecc3e33a,338.0
a2275ae00374f2550b0bdd75fce20339,335.0
a6605dcdff14a7d1b14fa0e32880ae15,333.0
9e8ace30d984ec4d51d65f92f12f4dba,331.0
f0931bac3492525c9dbfafbfe08e2a46,331.0
8034ae1ad65e2a0c059a911de69ed209,331.0
f07200d619e8470c25ec921d7d42612e,330.0
541ea986897b9a8c5600bd9d5014565f,328.0
2803be336ecf7318091ec388a9281264,323.0
e03d9a5c3e4abea1a8fdccafba172f83,322.0
eb715d38cde79661b330cafae28f2229,320.0
1d1984e2c3fffdfe00eb8906b55e8f72,320.0
bbaeaf88b598d414f7a94a29b19a7303,311.0
2675f7c46b1229e190118ec70f02bdca,308.0
1c470957238921b6d4bbe9fc98ce2282,307.0
4e3c1255d731311d4b50d20e06a17b18,307.0
ade0e455581815ecacc761b268e11c16,305.0
a7e9e7300843bdafaedeb3a92df0b921,303.0
396f1e1f9113f3b237796fc7b1ef0336,300.0
eec936f7e2214e9a9c31e56474510a4f,299.0
b277f5f7bcd802e324bc29985d47775d,298.0
4134b806490fd9955e9b619d11977283,293.0
0e9a895c2a4ba3b6d26fe89ee422b907,292.0
f9104093495c8e86d4974f24f2d6bda8,287.0
6c5ffcb27d9578bd69a9dcd962deb2ad,281.0
46fe0a3193cee953997704cd18acc0e8,278.0
2e357ac432b07c6e97469c2b298c6186,276.0
7f21644ef3a2f2e70b630ea83055bee5,272.0
8006c70085a9e9998674701012dcb99c,270.0
32f99e31f2b2ee13108ea46663ba1ecf,270.0
e03a2cdd0bb51190a95d1133f3a8338c,269.0
7d042cf621a29b539eaa535af3ae7b9e,268.0
ee64ccf0654a5fbc440c0c001b4409c4,266.0
ce13912ddf7138bbe4aa9b2bd71dc3d6,258.0
cfdcf3723718038ae359bf8e445db39f,255.0
6969a5332ff753860dd0de5b75a1dec7,252.0
2ca97237b70df98a0d196db2ccb613f0,250.0
95d2d1d7ee36a723ab50feb1e600bdc2,249.0
e357a0075e11d77e172b1aa7772f4721,247.0
81397ee25d4237577cd29adb5fcaa66b,246.0
7e943ff0f4de306eb95a4823e07ada9a,245.0
a063a2a4f693c88cfe24c116de382ad0,245.0
2abf5781b8b8b966285f5d7608a595e8,244.0
e8907b97c10e0c552bea93655bd21a90,243.0
5d54f98c32ce0e30b3f2412e81463734,241.0
819cef391bb8d56c082274099d7ee72b,241.0
8c2ed92027fd6e11b4c8c5b63dc210e3,240.0
4053e18244ffd00e59e3661d4ef20dc0,235.0
7f78aa2bce5f17b071d354496552c680,235.0
3138ed35fdd681968eb856d4c6bed25f,234.0
58384c1a5a58b53140abd3ae63d2f135,232.0
7b214fb9b1d585298bdf90b1392e2790,231.0
7689fba9b1ccf51c3a869c1f02a689c7,231.0
98f8628f92c604b3a6567267e626dc71,227.0
b9347d23d42295ec406e5dd241c801a6,224.0
6976f440ebbb46838a9c3025400d3b39,222.0
a9a7dfee9c5a72145f5089c80b5b7e53,220.0
e1b381a89a9c92ea75d91ec3b8b6794e,217.0
595b1bf9d3ab9ed658da48e8682c9d03,217.0
9d1c77b240701caee118e0f481cef209,217.0
662863f0206ed631122f38d1dca50da5,216.0
189df08de50b1f14132d0b1f866db96e,216.0
cbc350d9a2d3ce321f3379244fb761b1,214.0
be6fa5b8f785ea73b72777ee13d236ae,214.0
82bb79f9e1794a8e3295bdce68bccfac,212.0
f959d48a8bbe90c994edfefd5deedce5,212.0
7f992e364c4bbc3ec980b03f1af66a9e,211.0
0d95523e28ecedd59a4eaa5e04ec8f5c,211.0
9d30da23bd557e8fd80a523e69ea47ca,210.0
f6030d9e0f21df09b8416f7c028170b8,204.0
c6fc3f8903fd302bf276279ad97f35b2,203.0
efe170da3ef1f9774a3b6e58365ca73b,203.0
a75540a7222257117c296f1261b397d3,203.0
f0f49dc29aa8469bd6218e62c7db77d7,202.0
b05f0742d764f4eb6d93b05a98f271d0,201.0
07b0f4c8cd8900ab484daba1bbed5d72,200.0
d0bfdb93f07480f39b3eb67f2066a6e6,197.0
ef8389f9466ac421229aaeabad6c0bf1,196.0
5b6d2913558291638af39346f5ea71ae,196.0
53b8f39584e8d77e0f406dc68fcb866f,196.0
b3af490674e9ad1b0c16564d7e89c433,195.0
3788232577b937f440d8c6d53113c989,193.0
e042fbb7761b70fc998c40b2ecc9c0f3,193.0
bbe5e6a9c4d217c568cfdee260444ea9,192.0
36efbc92fd6119f1ec54750ba84d5841,190.0
fe853edd2a57b64aa5129a7ac4a00f1f,190.0
06ce41b0d7af57ba34b0932235589179,189.0
acc4ca1b2e3f71eec5ca65ff46aee45b,188.0
23a2a0257b118f3493cedf503b58b4d7,188.0
1bd681aa2910b777eb36bc7017282688,187.0
00c98c7b822fa991bb286b98e45ccede,187.0
ae983cf235e6ee5df583c7eb9d11b528,186.0
b9b8054aad998a73fde2cb72e592ba53,186.0
f3f958aee1a9022871003fc70f26be73,186.0
add2b3631b8be4e8e2d98077fb9ae2ef,184.0
07756b9053d270a0867e46bab4e60296,183.0
908860c7ca72844aaade59b5db0c4db4,183.0
e6e65faa1462072f61bea004c4ff8ea1,183.0
de893ec6984a9ad3d9d76a5fdd73a607,183.0
e493506710bbf2e96a6dfe4831133f57,182.0
35d77f82b21742e154c0c249c309b3c1,182.0
3ca4d679461e5cbb833e56acc51b336c,181.0
735e46a1c8209234aeb46a1c5014fc43,181.0
c8ce45e060a24eb8fbe71243db8f175a,180.0
d06c1f7b949b7ddaf4111aff90812625,180.0
a05fe78718c02de9816df3e04a3e85ab,180.0
3894120516ba96ddf9a2516c0e25ee26,180.0
a412f6453b4061b7a613ffd887a8de1c,180.0
07c492cb12db38074dd24d7716c39771,180.0
72e7ed45ae6eb601c68bb47274b36c07,178.0
f63e9a6f69271360bb7d097313dc5894,177.0
41fbb255757e60243efc997afbc50769,177.0
7734cb19a3378b057f5a474bfbd0b4fe,176.0
c52ac7613d0a951535f5c25d6751794b,176.0
c9d7b5549bab7141bb5e4238c3e70d08,174.0
ccef8f1c276b737ba5403e548eb04cf3,174.0
8b989f3d80d70c62eaa6cdd2272c3dac,174.0
8e037cbb390367a7df480ea97c046937,174.0
3e14d9fd46172164c8f902fcb180016a,172.0
d6e7c1d987068a664cc242bd8e9d2faa,170.0
401af388e078982331534a8ccb86020d,170.0
ad2dc359bc4c2c26765ac5c646073a8b,170.0
aedfcf277d19da0649e9ffe138e5abfa,169.0
2a8f7936d3e9c6923515675ebcb0130b,169.0
df42b0e1ca878081d00ce0f50bf6b003,169.0
1fbf96a299c95ba8c50a2a9768c0d996,168.0
59b68a41a933a7ecd73e87482621c6c9,168.0
7dd58c44bb30e4496db4d3aad0b1ad2c,168.0
6c5bafd8bf6f0c156b4c973d64189a3d,168.0
d6d4d5662126cbbcbf94c430fd385fd5,167.0
5a2caa8f16fb0e2bfb4c46e0c656afac,166.0
230dde8bbd51c5abedd21f3ec468833d,166.0
a4ef8ac89cc6d665780a1313e3572bd3,160.0
c46575d8520dee62df5a1e60ef9c4783,160.0
42cccfe4b8f4e76baf1ffed66c24aec1,158.0
8a30db9facd8cd592015842fe98b47d6,158.0
8d79cb6eda5ff78c1293ffcaffb5fe75,156.0
2be78444cfca7304372fb21f05b23e48,155.0
fb9a286986d27e02586dd346cb70380c,155.0
ae24a113160a69aa7dbd115f679e5c70,155.0
239854752e6c090636925af82ae42f1b,155.0
e0678f95821cac2e9841969b632e694f,154.0
b6d77fbc9e9705ba7aeebfc963bead54,153.0
9efd8f06f814ac5b15cbc489b682c2b1,152.0
d34922410a2016ff0dabf60132821ce7,152.0
1e06f189fa8f43d9195b9d0636f7227b,151.0
bb87981fa096e6043da1b2ee790343a4,150.0
31507208ef6a2ad195f9253ea85eab3d,150.0
29c2f93945b777029c503e61f66f8be0,148.0
aeb98ec278834bc59a976cee92ebee16,147.0
b9b0fff0d3c6491c79bf51c24dbb8b4b,147.0
5ed5d21f26c6d13e9e2a8fd5451f5c3c,147.0
e1ed1f8e3061c663b73000a44363c7b5,147.0
70486bccbcd2cdc0131fa86dca73a225,146.0
e8287b10e69ebd4cfce69ed35a6966f8,145.0
38e03b3c70b7ddcafc7645b002763364,145.0
9bd984c504a87440c1c27ff7906c1fd8,145.0
98ca00cd73631185053bc2d6899146b3,145.0
f77e9e71c359ad547e42b591348ec15e,144.0
8b2ca6e1c3fd149c6446da109a23ad6f,144.0
40f9e0f79a7ce15c9bf1d54d683c3867,144.0
e6c412309ace27a4265f21bf35d19a01,144.0
cc8811a6f81e8212534a987d375ec396,144.0
9c84587c0600a1d515eb0e086f94c979,144.0
1ffd079c2e18f3f03b92afaf19781b5f,143.0
ed753bb222a16abb99817e7c91d98171,142.0
a27c69d9233e0baf50462bb2683e6441,141.0
6168e87a53c426dd07645b365afc5917,140.0
873ec692cab08cca0a89a649fbdc03b2,140.0
427edc65ed2dbf7dde2fd94a90381e43,139.0
8da2fbbb6548717c2dbf47ffbad33db4,139.0
8dc9687dce61904f4494467207147880,138.0
4cbf06c743305e3c00a949ac3d32ae7c,138.0
ca0311955ace63caea8cfb95abbfd785,137.0
27f09929b451e9020c4716be0bcbaf99,136.0
270b05cff6dd024301d3e10404e7d225,136.0
354fc075bf100ee179cf5d34aec6a76c,135.0
005080d8bf23384e808ae52c055bb685,135.0
db66ac54bac7928ac42e7a8519f88e8f,134.0
07d2dbf100d961192717c19a4e5b2df1,133.0
c4ae9f0b02273ec40414cf34e5f12c42,133.0
9a7c70837212714ff853ff21b0623716,132.0
9130c4ee563ae039cef24339bd53e34f,132.0
b3b36d4abcb9a6116688cfec0c80a663,132.0
2f47abb17cafa5bbc8a378a30cc6feaa,132.0
efadeeb5e35d346566684d1fc68ea19f,130.0
1909f35ab29dc2a29c3f290604ed62e6,128.0
2c01e401d4d6fb06000e73d07d0d454e,128.0
e5cabfe026900483f8c678e5ffd6bcf9,128.0
e80356c749a458c935157fe071ae2c2d,127.0
cb294d9e99b9170ad16173aa679c4545,127.0
7597e24f2918f02bc1a338ecac7c0ba7,126.0
84937002a93bdd1cae83be7a64710af6,126.0
d038bd1deb7f24b173c0ceff383f675e,126.0
29fcf55abad34979aabada48825d6059,125.0
546549ab2bfc6b85ce3c15c12b8aff5b,125.0
f0f5b1bf6b55cc0ad6cd49b5b9bb3478,124.0
bfc043f171e5edd42d287d1ca08fdd27,124.0
abc117617a8525aac33075352d55edff,123.0
c0262cdbb917acf670571e4e7b2058a2,122.0
516d29eaca3f726cda3dbdb0721ada42,122.0
7cbba2ffeb532e31f9ffb9ffc90b6b08,121.0
7931847d274e94cbe0fea99dd8b3dce9,121.0
3a214e0ca3725fd9b6209a9720f6abbf,121.0
15dd6e9b55da5b2b60a5eb1748cf68f3,121.0
fac908db0dc044b388c21ae5ad550f30,121.0
fc58602ff243d0054a630fc239f8a6a0,120.0
541d51cc4343a42468f49757d22b0b05,120.0
3d6c5c80978f41e25af1f98cee52a448,120.0
ce7c60783366fb15d308f36481dff93f,120.0
054bd6bcac5fa4c50e1cbe481f779554,119.0
5ae3092490991298cfbe9f6d7627ba36,119.0
04a284da089bb36aef2f63f916f55b3e,119.0
d0277fd88b9a483b5e10d341774104b6,118.0
3c5705e4055332478a7601bb4f12a6fe,116.0
6452c6d367f0955b76d7dae4175e7564,116.0
8d4a729d08b74e91701cca337d31a81d,116.0
337fde268def367bfb5ebf46f835d8d4,115.0
451969d0429b8218cab08709baabdb54,115.0
1a5c32ab8baea8d28f78e539d3d11fcd,115.0
64365aecaa63e2ae2598b16e898c3520,114.0
1fa25b407a7844360e4a543f2d529cec,114.0
39ca642ac4a6c6a75873e7f66c297aab,114.0
8c6b00c12c0333ea2fe7e5bad529b4a0,113.0
b1d3ba052aa43f265b205eb46ec58057,112.0
9f0042822b1413363817a815ee45f408,112.0
5f775fc61124c07fd91b3c1f3a002d5e,112.0
065e0b8f84b3da859bb4aa351151f2ce,111.0
95877a360b6aee04f05bfbd880e72edb,110.0
ef924af5c96bae7897bc8573f3cf4f6e,110.0
b7e257f539176747dfb3b9c6016ceb73,110.0
47ddcdf1c2a77cffde1ff3a7f58693ba,110.0
73d5006a3b37457419dcc2c90bbdeb6e,109.0
b2221f2ad1fc02fa716abb85c8897957,109.0
46ab2ea08842e45a13c82e09fac0150b,108.0
6b06f06134fc56a9a03ffff5ba6c318a,108.0
edf6bed3c3ceed86ff7998d29c6090ff,107.0
d372ded831aa9b767519c7f5563e1f98,107.0
f3a12d4f8cff269a10898f46c13fb1f3,107.0
c9290b649a331f2e22eb6a9724d24fd0,107.0
d8948808d16bd6714595b64258eb4987,106.0
9020044e2ae467e43fce6cff54fa6a87,106.0
b564d510696f19fa0aa0139f9aff5e0c,106.0
ca3bd0dbc6762889b2ace9f2dd20143a,105.0
c8a7b08b9fecba124f7dbcaab30ade28,105.0
f5f62d1d2dfc24fed23f89fd7aa2ec36,105.0
28337d1c5d75008d492b4ae0f7f46e17,104.0
c2a661e332cef90c0faf7979ad3c6884,102.0
991dfede6511a223ae8e751ac385dd0b,102.0
d06dc3e74f139f8129987b4a9f7725c5,101.0
096ce040bfffda55a6a5351d40d61b7d,101.0
a4d03bdd7eae177d52a950ab961018c9,100.0
f98dbe5f8c0e9431c8fc0fb5d6e6d4fb,100.0
9332491f05401408e268dc4b5af9ae77,100.0
688c2992656427cdec40abf6f0d2f57d,99.0
67c6e283ce2389b441987b0c2c12b466,99.0
fccdbc5a6648d227c5d755f5231fb53d,99.0
e95e9511cc201ed648540b1d2967115d,99.0
53010dc01dba2f12a06049db70fb367a,98.0
37231a9c5cd02f22bddd5c06ecbc409d,98.0
a32252c32e78141010b10efc135298e1,97.0
70554188c09e0130dd6476c02fb28566,97.0
7a2214103837db42b19baaa9db847f23,96.0
42868c774eadd1e4159ac350f55649f2,96.0
2d85fa17d2db2cd4e3cf58211bb27bb9,96.0
3fce64110786f4bb8c17342792132498,96.0
9d9e6e3ef11ed21e9890452b857af4c2,96.0
5636e782cdc6008e9deae9e8caa89070,96.0
762012a81a788987a84efbac6d928524,96.0
d1eac44d0bad4d89215505469718c893,95.0
5ce0012d9af5270c761b04564ba9abb1,95.0
dbe20dc11d467a3c02e05168e863c513,95.0
c4e6d7bc3dbcf0ac21d7be19a73c3104,95.0
7115cd03d56900d6230f62ec9fcb2a7f,94.0
7efe60c38d66305c12a2b1e059e9271c,94.0
29a421fcd60736f2fa53f64ff7851517,94.0
c5116e4e4c6ffca51d1cc809a3ab6324,94.0
a7b02504d8bbd9c5a97b97076d2d9456,93.0
3956ebc87d4fbfb2f12ac7a1e32b718e,93.0
4e43bdeca18026dbcd36df3b86322776,92.0
cd831112c0a2528de486e4b68f1bcfe3,92.0
29e41b3ba9ff3d5da1d7be8cfd38fb8a,91.0
4d801b4f920327390235d975bd07e6a8,91.0
a235a7b683648fbfae128dd712a3e46a,91.0
fdde158fc64e24092596f2dbc4b6a629,91.0
28035c9de2823e121ca226fb84e23975,91.0
31a5fac954927cae651230ca834b6413,90.0
27d01813c5095c4864aaf13f6e7e0942,88.0
f70660f0a2d5b77dbcc88ba98f35b4b7,88.0
c4e632d8e6aa18eb72e63eb3e95a337c,88.0
399c5916c6aceab8cc241ac4847cdc98,87.0
97f374b71490fd4026afa10a3db01822,87.0
c8a3ac785a1f5f0c2bc04fa17c0cba9c,86.0
b29ceedd8a833aa7d1f351bcbca8838b,85.0
9560b0f465b8fb3852a3df7f1ab3afed,85.0
12b84667397ef907e5b02836960c7da5,85.0
b4fcc0f7b772a61d52d16a954c37750a,85.0
e2b180c98e7bbde3aa3d643e50de6a68,84.0
fb75797b55bc47c182a1192ef4284537,84.0
c3f55455d0e5b012a634d0a2d92f240c,84.0
dd8b8c82984cfb58470e83cb4c651c3e,83.0
27e49a93f24f9d0c8a0d728368ce24ed,83.0
c55295c58f5260f2f4e08bfaf827f8e8,82.0
56ce7bb5c98b1e19bdc6b4d8d3cc578c,82.0
9a2d2c36a7f0f67142848d2957849a52,82.0
b445037f5de8cbe75d18af387d859348,81.0
65bd7a38dd8da5533c9fe863152d9203,80.0
e1d3024f0b2683c1871ddfb28f9d118d,80.0
bbe3161331605c9da184a223533c5b3d,79.0
8478b4f3ea1c4b73b67a19a9431a0ada,79.0
fbbac3961eb7954f3666a602ca4f5b54,78.0
5b1b868a757832db2902e48f63320b75,78.0
399d730286698a19ee3c7d86dc7ef873,78.0
79735b59a46082136d3adaf3403e4feb,77.0
ab39c2a7e602a600727b91d7d0ebbdd9,77.0
3823b281f782fa8d7b5b2c6d2df1ddc9,76.0
9ae72de0d8537dc67914bc39cab36c0f,76.0
1488d59ae83cf14bffe8bbdc4a6acb42,76.0
51952ff20fece9736eae70db38fd0186,75.0
d5156102a8aa013c76e2bbc935fa88f0,75.0
3d708bcd054a8c4bfd3a2d0d87a7958e,74.0
da06bec3bdd774d37cfc205fbbd8269b,74.0
8ab84432a502079501dbecafa03f6cfe,74.0
9e4d4a4354fc8755f67789be8743e245,74.0
146cd352f6bd66a021a0ee6f3c1e300c,74.0
8bde2633114d8f6f9bf148ab9d300213,74.0
de437346bb515de0f824a1f59286cc7b,74.0
9fd4b48bb01f0fe8440080345ba80927,73.0
8ed289769546c2f1deaefb2acde90a10,73.0
075cb6bfd3fa34c71e269c3b2fa8b8b5,73.0
7671bf601c4fc4bdc589628636a66a40,73.0
33ce6a761c784f658d08fdb1656f7edc,73.0
8793fa505481703f943146d5d8571de1,73.0
13733c4bdd433c73ce37b27be9788ce2,73.0
d5719364a5ef3ef9e18b64d95125abc3,72.0
9e3c9eaf782e72b7dc1f9e5e9bda1c8b,72.0
6cd93cdc0a52e5494cc960d1a5a92f6a,72.0
1f1cdfcf3a2216246c32337dbbef8f72,71.0
ea5dd8659c6853295aa4e22d15338f69,71.0
01fbc00bf63ed5b1b57ae2ab356cb682,71.0
63957a5c502d25d1efb75b0baf2eef25,71.0
812ed82036060df9fcf2a68c7efff4d3,71.0
cfbdfe856da7f684955a2a9ea5723679,71.0
107d73f40ebf83c20fcc489530a1091a,71.0
abbcd7a8de017d04f00e148fcacad7d7,70.0
4edf3e8950ad4a7a2a13390cfe4add02,70.0
62e646323d950e01b7b6ff1abd9de4fa,70.0
0fad81ddd63db6b70f41e249c1beb28b,70.0
1f6b0a3c9e751dd1c67964fd8c9d353e,69.0
34096ea1d631bc7f8c7492a613ffe59b,69.0
a3ed6788a963d8643b482497e4d0afd4,69.0
fd92ca37e461e787be3a054ee320310e,69.0
ceaf7c03b9ee2bbc529cf24ff6b67505,69.0
e51947e17ba43f98dc11a78ca3f701a1,69.0
dc775266f102f7e17ecee499d48af365,69.0
82b0a542cdf51cee7f31034eb385b77a,68.0
562c1345674d9ee3228b51a4f5ba97c9,68.0
0833ec349f7ebd01be1bf5ca03f9bd4b,68.0
83c038c409f244ec0a9c30e0185b83eb,68.0
692761823cd0e2ebe561388f8d41b97c,68.0
e95df97725796a5563507f5f7cdf5166,68.0
91dca0221fe0ed2dedefcacb0b0144a1,68.0
71dad6f8bde7038c32f846e5d56aefa7,68.0
4b1be7519768c0a9bc6d94dac40d65fd,68.0
c034ae7c707d5cf1b2645b590a648cba,68.0
1fe97edf0f508924966f8ca7f02ee127,67.0
a165a80a7573a56723b90234d9166074,67.0
86f819c9110db7eb3198a85f49068592,67.0
d77fcf4cf90134dae0f037435682a9c9,67.0
3bf2a8b778325e3c9f528ae9a749299a,67.0
3fadf0c6a8ef61c4c426c060389bfaa6,67.0
4bb4bf7a73d3b4c44a36d88809a71841,67.0
8ee4243b9aa6c7ea61fc678c6783ead4,66.0
b234c294ddae1a1a1e063c7e2de40d03,66.0
3d6971fbf12093bf1e35a2068691ad73,66.0
adb43e9041f58393074f457c508605b3,65.0
30d0973efe30336ced0be33491bb8821,65.0
34da3426d24050fad7f5ffba94bf1869,65.0
55f40d6bcc6d533bbe1d103d4a5d8cc8,65.0
0848d1b85898fe7a49b09fd6b550865c,65.0
de92085143f2ee3c6e0338396fbc835d,65.0
1b61b0ef1faf85c816dacb73e33c70c4,64.0
3a5d1d0902cba375406cffa793ae2325,64.0
21942d368d6f02c08857083d61b7cac6,64.0
a8279e985a96adf9f9f6dd1484235df2,64.0
17d14a58e2904af06fd3ee7210f2dcac,64.0
648f60fe65c8e2e069e8b7c1e0ad5ae1,64.0
1b82ad8254a851ad4d2cd136fc05c274,64.0
123349d0ac5b83cedf5abcb99da61607,64.0
9378f81c710a7efde4514b4d904368ea,64.0
2ff019184149e6efb9d5f76e85e5fee3,64.0
e8f80946508f913de351b05bb1f2362e,64.0
48816602377ac85dcfb695a6c3a97741,63.0
ff4b434c3814112664437f643d120b24,63.0
78347485953d8937b310aa8aaab59094,63.0
907ec19c24dd47b503b78eaa0c581e47,63.0
fb7c65c791e66b7cc17264a737b69fb0,63.0
c681acf83abae3fbdc91ed44b182e924,63.0
38c90735e91f95a2243932a455f6b195,62.0
dd28ec7008de3c10ce5ea3907d575df9,62.0
b4654a691eb1d857b959d08f23714935,62.0
03780a1d3a3f9a35371920f260df79e8,62.0
bca71a434f383609209b3abdc3138f9a,62.0
ac74040134b811dc33bfa9714ad847fc,61.0
2d2fb7166cf04749463927d6bb72035b,61.0
0b019c6a6b3f3378170501000547cf9e,61.0
f537ab1af0c04f87777b24172e99861e,61.0
6355fccf87f97f9a6c2d29d4f103ad37,61.0
d1a5f40e1f9fa4165248629282a47354,60.0
a29c4dfb1ca8c056a6ab82cfcdef62dc,60.0
dac47201a7b7027892b1604e2691fa4e,60.0
95229b33088ccc03b0147c6c322b1b04,60.0
4d00100024ef7f7afe2fa24bcb371b56,60.0
548ddb3cf8dc7df1a10b8b2aebe07770,60.0
f9c244751a95a161cdb98782e23465ef,60.0
1be045f1458a653b6fb817a7910806c1,59.0
d031ebb9897c2fe75844b487515aa580,59.0
aac180e3d96b5c49d500f6d0dde92cb5,59.0
70d23cec2e838491e4a340ad23fa7c92,59.0
636593829df9fbd354d6329c4f2df58d,59.0
681dddb08f1a8d6b019d226bb45c03df,59.0
8a62b2600221027ac39b7ebf8e49f039,59.0
8b770fa0e15821184ae14c0adc3d7b88,58.0
29311e01309500bbe5856baaeeadea50,58.0
09d38891639a75eb60eab9f620778bf5,58.0
e0836dcad539ee7b58e54b06cd2bea08,58.0
d57ecde4386cc92185c9dd2f25ea0b1e,57.0
c06ae5c642e762e4718527bd44da3020,57.0
a7817b7faaf3aceb7f6936240c97fb30,57.0
6a73c9b47694fab84aabd260c6e5a457,57.0
e7d4788d6085af714ef51e450fe26aa6,56.0
5e2fcf18f3881aac018dc8b84be5610d,56.0
da6dd0e48e249c87a9504c17a6e33590,56.0
0f473f45a4f56033121ae41a333c742d,56.0
5cc4a56cadcf55fc8085f701a95d9d19,56.0
c89797bd52750af674ab213bc1a3adce,55.0
c5a20013aab8de62004daea7208c6e88,55.0
8bc053a3003a58edf073b57d31ca64af,55.0
cbb012be7ec0c62b4b493028dd6cae77,55.0
5ce6b6e49e3c17ea0aa8928918b12eda,55.0
67015bb9aa2692535f1d8310cb959c1b,55.0
c588d8338dd103f92865138ddc106bd2,55.0
50b1c5cf5faab209fde34e6634dae84e,54.0
99e30409feec9331302c1dbbb4f1d466,54.0
f5271680f4e7d0d855e0dbaaec50126d,54.0
55d327e8ac7e3bbc5129ea44621e772e,54.0
1a43a43a407039157e0eedd0b0f1edfe,54.0
196c7b58cefa875f83e391c2746a288d,54.0
4f9f20157db974cf19587f4daf8849ff,54.0
64c7ffd7010fb928a4c712c88f5140a1,54.0
cd8db68e662012b0ce3357cb1236ae68,54.0
8c1a0c89d639d7b0988544642d908411,54.0
3da5972ef1327fcbd1bd19053e835b9b,54.0
720cc0a40be8fa21c9be34305463d2f9,54.0
cb3e10f21baf745d132c8bf2ddc1fb25,53.0
a53b213281277ecda3f9013e8cd5c13d,53.0
e3f31b4d7f61c692852955e67c98b1a9,53.0
35ad5c47eb776b3b974068a50d0cdd51,53.0
3f5e0604797366deb0e203254676fa40,53.0
8f03b2e4b48eb56c47514de8e32004df,53.0
66fb653b9a91f671904f024c348ffc71,52.0
ffe2b3b74562ad876cfd1fed01ad58e9,52.0
c5e9041d04fcbc517a8fe61df3bef76c,52.0
043ac3abe9141d5902f37ef071703ed5,52.0
0727c4bb1a75cef0e1957432688ddb24,52.0
a59db9cc6dad203dbfee1a0cde8c201f,52.0
73871faec1aa2da52da66ae2b7e44efa,52.0
67cde84f67eb949d0919d42c6c469bc7,52.0
ff10e547992b1c90e4d9155d7717e786,52.0
0741bdcadda5a59c0c6f835f71912fd6,52.0
510bd85552ebd6e743673e57d344b89d,52.0
3a0d943a6d5a21ade7ae5b954d3697ed,51.0
0f4038256bea88599ab3066f54da19f1,51.0
6a38bfa30754ea76202aabd9df61bd7e,51.0
57b10c2ad566eb16adee938f15835c9d,51.0
2a3d1b3946552f89cb450992d0fa596b,51.0
c515d0c19c56546897ef7da10a51b3cb,51.0
3bd27fd3b924ad922e2d14784fa9e8c5,51.0
ac45b43c328ecdf256fd568c93bcbe1d,51.0
26da4cf425d1a9d0f4770c3a872e97bf,50.0
ef25c5c6f7ca81c7567515b5cc533243,50.0
d419cc8ec1860bb73bc5876f6d2b7e13,50.0
1f34b7b6a92d6240cc0c0e7c17ed16b9,50.0
dc3a51156bc0c817ecff0c2bc4e3acc0,50.0
65e02f6e0df7051383087befee980e6d,49.0
8efb814c31aadb591c1e872fc804dcf5,49.0
be7c74e984b90f7341a7605b7a3fa48b,49.0
f0a8e3440c949d88fe480dbf70eef9b1,49.0
3ddeebba32c95ab2c56f80248a772d4f,49.0
eaea507e9046379e3849276aee346c90,49.0
cc10d054b0ecea1f51483308f9db9829,49.0
9a0b7dc3657d1a03ec2857bba1f1ef90,49.0
a9b94da2f18302d9943d014d0f6c30d2,49.0
a42fd59fb967bb0ac20d0c2f0de13336,49.0
908c9f7f2030a337d5535b1c7261d582,49.0
d2f6e9f6995372a16158c52291a5ddde,49.0
65b82b6ed1d3aa57c9bed84f7d5c5983,48.0
a1201882fe9fb6dc4db3a401d54205a2,48.0
bfd9a85a4cf326e7fe18509667d7ea8d,48.0
7cc135458cb55760d79759bce1c1e58a,48.0
6fdecf0f14e1efccf5c6fdfe26915645,48.0
ee4df20392e2d48787a14b5749ed90e9,48.0
a1702cc5aea892f94b15533e4e4b3a38,48.0
3534f1b4a7edefb11ea946986060a3e8,48.0
97024772b5b18991f771b8edcbbc8b9d,47.0
f048d3916343a88ca38c8183209eb7a2,47.0
64112195f7959b8907f123d0bf692653,47.0
6087002e8c4e1915b23e0f92ed9857e3,47.0
2208a8e922d6e71aeaa56238a8aaf583,47.0
af355502b174a5ef640e5863c9cf3ba6,47.0
e2ea33440404a6d976588d0ddfde5c80,47.0
67d3f27bb01225d7f422bcc5bf1d5ac5,46.0
b9a202345b9fbfc9d336df9203f4ab0a,46.0
06fa4558b991f78bc61efc4a6f5a99f3,46.0
694ba6b4316bf1d83f7fabc5242889fd,46.0
483698b72aecb2ad1864dcada5fd69d7,46.0
32132de1ce4af8c331abb5c8b8d30ba7,46.0
6a2e190ed87ad69e6839a5541cd829b1,46.0
a353eb17b7ace8981cd8b4d20ccfe051,46.0
72429aba3e59e7edb09ca212a1466e0b,46.0
9311fb3d9f0a81a279d3194c1550a585,45.0
f318a29f2d3d3122d20b0fed24b3ec40,45.0
d17d44b94d37eb64296acf031d68aae3,45.0
a0a27893b4cfa867fd7e4bc480357bb8,45.0
9fa87d40167d8c76aba29b847919623d,45.0
7d6bfdd6e2f8fd79ce27a298c143f346,45.0
d0cd0365bd54dd08f38bec0b77e650c6,45.0
2fe1ab5693f8505d04d5a0d5a763ad6a,45.0
0fff31ee36c4a21e7f9ecc32321cd496,45.0
bcecb7a8fcb709c3ad9da45da712d458,45.0
061a02aba647b9cccf87aa322ce8dc19,45.0
bd1942cd329821457aa2ffefc9cfed98,44.0
2d6891b8995e665e747fc5fb3bfcf376,44.0
6efbf8e5ae0899f6d98fbaa2847421fe,44.0
f23885b66d842d574f99077706dc824d,44.0
88105a67daf41d03f1da3ac3307e65c8,44.0
cbec654cc06949663f2f948597d83429,44.0
c78c1e67a41232957a13571e484030f3,44.0
c0cd4271f8aa98dbcee30189c9dd6de1,44.0
c7276a3d5b5b038138b35ce0fa23d43e,44.0
217800d765d4f95011ce8ffb0fe32de5,44.0
4767af0f9714ab7ca3c6b85073b686e6,44.0
dc2ebe104135fc3f8736ce5a9744c62a,44.0
133e6e69f3cb107a7040b8cf1e6459ac,44.0
97edfd6283aba703c7e641fe99a4fba0,44.0
0481ce56e5554f57655ebac59c6fc963,43.0
89729c519c8a1041e73c6dcc30ab9df7,43.0
1871109bca0d4830a0431636f68918d7,43.0
77c42341e5be13ab6acc943290d8f48c,43.0
19bad03d189936931b4aa2dca428b1f5,43.0
4f85a37fd3303a95853f0e41e6b3e5d1,43.0
1ffbf613a96b8c9fc112277fc8ae3ab5,43.0
0788339bdf40270618191479f1b734a5,43.0
5b99a3c3db29c2615e3ce1e314bab454,43.0
271f7fa8493ffc6bfd9105e32a056d7d,42.0
1e93e7f5a6163e7a7ede4cadc03a52c1,42.0
7344536bc6a4d75f05b047e684d7e695,42.0
2ae2bb2f64dfa1b175cb1f6e66b42279,42.0
e0ba1277d38a385f445eacb327be3f35,42.0
b04b09778054c392688711de3dd748b5,42.0
74b924df0ecaf2bfbea899c3e835a41d,42.0
b94e70e99e139619847725c7f08eec9f,42.0
25dc1724a5133201e1aaf72c39ac326c,42.0
23176dcedcf87edb1b9a1ba194ede044,42.0
2d22accef9be4647813ca6b80fba0407,42.0
3b5714c0d925127bff48d8eb59e8d6f5,42.0
151a2490d15225a9f1f753f293d54d23,42.0
4915cf3d3cff23bc9e50553c44bc8efb,42.0
bea84f28c51da26bc048fcc7271046ac,42.0
c0e7455cfcb67c51185ebb2f3410cc5f,41.0
8425ab174aaac783381f050bf266ad08,41.0
65ce947a6dda76ee0d089b257187f22d,41.0
f75fd7e2e09eb42320a0cd77358033c9,41.0
3f315dd8486d62c0a9639c589d433c5b,41.0
dde58de1a863a2d7d87999f04f6e9449,41.0
d2fcec86a830e37c65bec89a6209d719,41.0
390829eff38fb44016d05757a64de01e,41.0
dae05839648cd51d22059b89772955bb,41.0
f60f0f6bd37141e973ca8fd43eb48d08,41.0
ec6859aea8107a9db2ec5f7f5364e9fc,41.0
bcd37038ddf56c5b8efa0f182d4a972e,41.0
884e8e0206d0755faea1df673950163b,40.0
8beb0b894740824d817b2a6fca0ec163,40.0
bfca06e62903dbd40467d5ee5dd31a9f,40.0
4bc4492dbf51d48865d7ed772f3866ce,40.0
178ed649a000308c682825baf2343cfd,40.0
d92d1657ab3bff9c3b604012638d8fed,40.0
d92d44f476988157c74ea0b237f0f51d,40.0
2ddcad13c5c330e0a2e90dc43e8f3b85,40.0
823fd68d0feb47ebde05ca73712c51b2,39.0
25d61d264fe40f7f2ccfd2f22abb471a,39.0
c2783eada6795e648c5d7b2dad16edce,39.0
7fada680b25788df816bd8567c1fea3c,39.0
d111a0e241a7d034d5fc09932a706713,39.0
6e15251cf1ca287b3adb166e11b73eb4,39.0
a82e953b7ebfd37392df70f4830b67ae,39.0
bff00ffb152ea2f9253e151a0a1b2ede,39.0
c8c376557062c60df39a271b05b60b03,39.0
1650afed765cd773cbae0248e70c7529,39.0
c3dccaeb4113bd40660b5ef3c0d2c833,38.0
92b6d9d2cdd7013a74eeeb69a4334971,38.0
db462b2a0cbebd594170bda2e6448d6a,38.0
7eeede14a108d5cd12e9d1757511316b,38.0
7c865ee35def436e14179e8671f829e7,38.0
de55ba1c21d07adebf0446338056dcd4,38.0
2650d1f7e2b3751d2e5354e451c04962,38.0
9eb660571ad2e2bd4bc50650a4f3bcd4,38.0
f7683fb865886a53630a2a3ee3437aac,38.0
bf7b5f983655e97bfafdb2de7ccb1ee7,38.0
c345c35f739cb564d992ac68239d80dc,38.0
d8a560db4781dc80f9fca46ad1bccaee,38.0
9a6010f85e66f3ab5d656bd90ef79fea,38.0
771d7211aa24fec1d50279dafde9ab21,38.0
f99484dbdb8bc8a82deaf2ab7fdce491,38.0
6a970a3b0c71605ab1c559902c124a89,38.0
b6b8140359e0bdad7d69b2cef264ed65,37.0
c40eeb4b34811925d07d4cab5bf814f1,37.0
47ec45b3bc8e97fc103ab0bb881c1a87,37.0
b5fda6996e9839608f46ef1b2cc569b9,37.0
6dabc8fa8f119b5e761496bec06c9e16,37.0
cd7b3a6317d8812175d34f17a9db9610,37.0
9e12a63648933c5d8a173af9ee95168f,37.0
955035145d19e58f0634f5f24dc99f78,37.0
7585790e5788382b43e18641eca01df4,37.0
357acef80d6c4d18a1e3f0ae59df69d7,37.0
0d3493283a080c2014beca547065f063,37.0
b7923d052453b3554c742c7cc1f9f620,37.0
79fc974da08cecd52f75e8382f03db6b,37.0
4ecb175b9fa00944076c4c3a7fe8d6e4,37.0
779122e0e722aff39eedbab8f4c1c276,37.0
b4fbb81de2a97749faa6c7bc4486580d,37.0
7237da0c31f5f954e10e60dd14d81701,37.0
0f87004cb18cb29f43bd061fbe0b0ecf,37.0
96ece12045d8d120450f24caedbeed70,37.0
6c13ddfb447bf37ba892827627240111,36.0
3340ade43bde3e5e5a53af4011679b22,36.0
dbe735e3794dd1e5c0a8ba9e34fdf04c,36.0
f25d6e45850fac598616dbc6d88ce340,36.0
dcf9ed13c3109dcae4ae4bde8f25ecfd,36.0
66e23ad8b79eae0ed82715a123b92e9d,36.0
023fb33757e63c04023a3b475fa3eca2,36.0
627059d24eae3014d6d0bb63abe5abb0,36.0
e524ad8da2684bb2f8e2baac082595aa,36.0
756ad2f14f1dbe708cfa264e13a40d62,36.0
f84764be2e9631ad090dd4edebe736d1,36.0
ada215b96e9ac82585410d831622a2a1,36.0
b35d240286083966d5bc0e4aa054b5b1,36.0
303f2c59412815fa4a24415d767e5d9f,36.0
2f33e4f79ca6ed0d7fdb0edaab8139e5,35.0
b2f95433059dd7735d9e4580ccfe5675,35.0
ce0055061feb28da77c9419b98a0d925,35.0
cb0c579f7bf221ff2c3b3991f401ce1a,35.0
2eb77451b710ae31dedd0c61c3d1afc4,35.0
df682a42f60de700de8860d52a14aca1,35.0
9e602200179f50384958d4f7780f8ab9,35.0
6c0ec825f1ecae49d6fcfaa75505ab9b,35.0
e596a2cdb3f22e42c2123cbf03625df4,35.0
3efc44a7c25325586122e904f3caf114,35.0
94b4137de61fa2f7c70de06b262bf6a0,35.0
f5095b4a612d18830b69b11fb751c096,35.0
2f78b29e5cd3668b8d753de9762021ef,35.0
c116da7fe90d124c118315113b34b705,35.0
b4188f8abba9506fafce09bceb3a466d,35.0
34cd34bc1c9f3069fe712db2620c6acf,35.0
4ffc54288db8579fbf4de0c89688a17f,35.0
ac87af98f48066d7e49f663202a7dc5d,35.0
836be4eb6406b4386ad41f5ea2b0aa65,35.0
523f239f45b547372e0ec21e5c011ad3,34.0
646b769f0ccc5d53da41e65e872d72e4,34.0
8eced350b6a5239fcbe208149e06e983,34.0
f762d73347db78b8f42c9bece3748c51,34.0
3c2f83dd68d9fef4b1225239abc002d8,34.0
5a4c0bb196bb3ad72577df4d1246fdcd,34.0
68e085027761628b10b70f3ea4438d8b,34.0
7b5da1cdcc30ea55cca831f3e7c7aa6f,34.0
41c23756f85901cc3b4404b96d73c03a,34.0
5235d6abdaeb155108ea7d26b1ffc6e9,34.0
3295832b4146a5dbb63848478b56ada1,34.0
da482089fa868167b5db2b450250b50d,34.0
10e6d1b4de92fe6f791bf1a9083fc696,34.0
20b3eaf784169b334d393defa2084f26,34.0
6804c6d443d46bcf4a2bd75d6414c6e6,34.0
6ac60c08576973b3321071af3c959695,34.0
12c1feaf18dac85d51bb15503e104459,33.0
6bb0358a48b1085cf9ebad82d32add3b,33.0
961360f796d548cf3e9de288fff8de9f,33.0
ef803629e93731ed238750267e548f3e,33.0
2ecc82913d0ab241666a43c0839d8c44,33.0
9e9bc0e54185ed93bf79b1ed98be61c5,33.0
a94c393bff2ed75776b01de13718bd91,33.0
6045777832dc47ffd9bbfbe14f49692c,33.0
85c374321bce582e43a1fbe0dbf78f78,33.0
91a74b258dfc049bbd54f12883a8303d,33.0
70d1afc7e442939deecb53540a53bca6,33.0
cb0c254fb8618548680b5edfbab76668,33.0
fb768cd5299ab5639564a0681775c361,33.0
17a4c00615369e5f92b03ab17dfbc9a8,32.0
9c2bbbb2d80edd683d64c6145d74a672,32.0
ea3f2ebe9607f4918e27596d6c1c2651,32.0
6e0062f56199b8f6d7df5d317bbced91,32.0
1f9d80392b2cbf2305f4331e102b8c08,32.0
22bd1e54cf8295b78150e106a2dad76a,32.0
8883051dc6b0d7b25f89ac5f0a696171,32.0
31f2de87feee33bed043e04f74e5927e,32.0
beb32304847ab66c61da411e0657e7da,32.0
1809590c3a2fac96b1dadbca41a36660,32.0
cd3abb1a4dbc3aa68e3bbc509d2e4a14,32.0
2517b97cc003ef389d8c29f15ce39352,32.0
910d13bc6007179b03df36a8df17a6b8,32.0
f0633e4449137fbf61af431068750ad8,32.0
c464fdce3db26b70023f1248b53ed269,32.0
91494d326d1b82d08bcaef165bb5307b,31.0
aebb12239f91343b23c2558ff07b0b0e,31.0
4f150675e6f4f95411f8cad52dc318fb,31.0
82a42cc5804b484cf508e408585d80d1,31.0
5ae222a9e444465f72ce33b4a22ddb51,31.0
67c186ed73f89494680bcb9eaef28d7a,31.0
248e7e81510e929b48124972f297964a,31.0
ff60926240d5dcf6884e890d060474b7,31.0
6e01a3ea0640c26e225141dc7c47654d,31.0
0b65f04ef1c2ece09b80c4f2934df7e1,31.0
9ef97188c3df1ad67f5713e5b6501fce,31.0
9e5622cc7bca7dcfda99724ec00a061e,31.0
e646ec63e56ba3b68d5ab41911bc4c28,31.0
ed87bf31e5b8e9f8b18fc7502bd90795,31.0
e1244de618189e047650aaf9042190fd,30.0
8bd37efd4f3ad6accec759b61c19f42f,30.0
dedbc8636ddf71de00b41d860e095b81,30.0
572e0bd133359b501fa8f4ae64b7789c,30.0
3796675e9bcae872f3b3aec8b7c50191,30.0
7352624fef55f380ddd6f6fe3bfa2b06,30.0
1ca1cefe2ee7215ffbb126eeab226143,30.0
9e93d10180284643f203daf08aa19791,30.0
a251fea75ca91f44eeb8917dd000b353,30.0
ddc41a47472da484e1ba165b803a63b2,30.0
91685d8307c6c463775dd9e435de0008,30.0
ce0e6217a89bb4be1295cfa3d8f72c24,30.0
935339675002c21ef7e6887c0e7f7196,30.0
dc86325292cd70688aa1431e63c346c1,29.0
3f24387735b592bbcfcf4bdcedf31e46,29.0
f4f0982b40e7245bc7efcf67e9bd6963,29.0
2ed1b279b49fa172b64569414d5620a3,29.0
1413cf217a0d1dd3f8fc8ca582d68a26,29.0
d71f85cb9b081d1f691ee47de8f36700,29.0
1f292f606c082b6354a792503652de58,29.0
80d55226f723e21a7389a0fd0b15be81,29.0
facc0f4fc1fe5c1cb2dab5c14bf6fb5c,29.0
b079259246a97f9c2f8c39517c80ceb4,29.0
79d2c9b8c02dbbe47cfde1f6c20c1f1d,29.0
6585eeb1e64ae11cfa31a61be9e45491,29.0
248bc7cb2e73eccc48ab74f7dc3062a2,29.0
ca8cb1eb105878e2dfbb7ee435a02234,29.0
cf14ec95bc699aebadca323800d5df97,29.0
fba91a8284617e5892366c75939a8500,29.0
85004e63fa6580dd7c7420691304bfc2,29.0
f192e52f98a86ca9bcbd26aefcf4a3e6,29.0
fd0c2546dccd6844e41eb2cddb01a3a0,29.0
7eb3a663ba10c972e9b6b4f781b52ebc,29.0
02702ba3c5a2fa406d7f2a469c9553a3,28.0
41c42cfc5d2fa6b21381c41599d2560d,28.0
239c5c8d7ca3b214693149db4847c8ee,28.0
510d0bfbfdf7931fdeb2aae7259c0c3d,28.0
5db5c6131dfd56b71bb155728e9d9b01,28.0
e695974ada7b35a7b5a67e046f238730,28.0
5e5022d4993943d413e996f3f2ae1a9f,28.0
0aa55d4dc56d88d335bcf237e26a9a44,28.0
2d184902ab457b15caaf0905ae4feaa5,28.0
98bf48d41ba5d24286383e76840939da,28.0
9b7f1ffff9434ad513abdf0529f1a2f4,28.0
a4e0d131a64934893a2cbaa734f6985d,28.0
f0d937921c396f19dbb4c331b6d0a36b,28.0
334c5250bc89bd6164998d149b0256d5,28.0
29adea5c97d42119dd3c7694bf17c670,28.0
39daf8933e25dcfcd48a16e211b56e1b,28.0
b623b328f56cdf978e5e8a424402c2b7,28.0
be90ea73f65ad148f133b17263c8f788,28.0
f9ee4caec0d1d78b26018855871a8938,28.0
84967723ee3efa6760eacde304f23479,28.0
a9a76c2b5b8c48b79fe5d96ee1783211,28.0
9ce6b36eaa941727afff318343ac038f,27.0
f7d9669b3fca666a2e4e536cfd0c6e2d,27.0
95e6bd1423ff665cc56a597e5c5c4d89,27.0
016b02da7e54733f434d3646c5c35000,27.0
67a6c24a0e01ae237d1162c9fd188315,27.0
dae3135c1fbdd79e85af66d86097da1b,27.0
ce77b0d0b8e23007661cd1f3bdf8cf40,27.0
ba8245532625fc1908942837a2c35dcc,27.0
e02061f5a568c0d895a96bb5c537c9c1,27.0
07848a7505c348b0c54b223111e1af2c,27.0
38e211070807052e034d47c7324fb8c2,27.0
5dc0d21878e3fae26122b676726bdd77,27.0
02c2817ca07f45ddd39bf4bab193e08d,27.0
d232f3db71df0aa1e28f5865f6d15d48,27.0
c7c27b85783039bad93308f9e6ddaef3,27.0
c793eebebeb1f516521d582ec06e8632,27.0
6f94c56bf1bd61c73ca0b23221846d1e,27.0
e02101361a5d6ef3e27de94976269de7,27.0
93a94f30889ef5fdbcc03f2fc5b4425d,27.0
f2d56f09948742f35790c2743a60900b,27.0
08d919a1c20bcc0210132a301e5edfed,27.0
796c2e7fa7e1cae60bf7c64ae15e6d86,27.0
06f38f3377a23cc90787658b76a6be03,26.0
d711fbe60ca086b07e5b1745882512b8,26.0
aabad868053e87be2b9d0b2c75ec0924,26.0
8192cd0620e452a338ba60d8fafa56a7,26.0
9b7b5538ca00d43979d9d73a02c82f72,26.0
8076b3a8dda27433cb6e4d0759cef51f,26.0
ea9c500c4653f80cb2bac02f53918ec4,26.0
cb022615eea1347c64eb13600b5a904c,26.0
468dcbacf82a7d827e71436efe1b750b,26.0
118dea014831b65d21da7045db8df27f,26.0
ef5d4a0e19f809e7b12e0afa45041b47,26.0
5575cc05105a915b4bef433f1a971b83,26.0
04566edfd98bea6178711c41e2270b1a,26.0
18fd564f27cff54bef57ba2a23a0cfdc,26.0
b90048e0d8775732af53733622785263,26.0
8f469c4714bb9cbcd369200d7425163a,26.0
3a0cf7bcfdf22749084304361378799a,26.0
766e04c00c4e5b78d4af487d5a155b3b,26.0
ba451e8e7311a31337689a6c550c8de5,25.0
41140bd8e492bfa60a1c6bd70a9a8189,25.0
a6833d0a18d0f0e846c3999bafe84c43,25.0
d354f96523163f782158210bbcc52ecb,25.0
846579eddcbf663d80c5331092b57f49,25.0
72fdba75057c4f949233c0ee187734e6,25.0
2129e99c33bd0c3996e7a2be84d4bc45,25.0
d017567f5c9b57d6bfd8be31e3048798,25.0
46b45de20de51176ce41a1fc420a6c47,25.0
f545f933d0540eac84577e759981cf55,25.0
43f5630fd1313ab29af7102ec699c8e2,25.0
4ad38a423754b150de94331660383d5c,25.0
2968ace3e66bc900119b8917f9b2b87e,25.0
168ce1162815b35b57af48a967925d7d,25.0
18bc7b03488b96024b3a61a2bd2c4a65,25.0
d44b7618a7aee211c471798d895c77a1,25.0
3575d0df9f49ceb355518cb75777bdcd,25.0
f9b9107b21deae6c08bb688d1a2cc909,25.0
5404d6ccd092d092d64ff4aacef43063,25.0
684144636147c14ffeb8ec60f1f52ebe,25.0
65ccd38629ba44087c71c6011d0843eb,24.0
f2a25dd01b350ab714fc91b5422dd0aa,24.0
601a940cb7325e2d49c32826215ddf44,24.0
7b0c2b6a620e0e94e08880512216f628,24.0
df463351007471281edbf8ddf827ef61,24.0
9f613be594adb78228977c67574b748f,24.0
9679db092d3abb87c77b85a69622d012,24.0
302a4faf6888fd3206161f5302ea9079,24.0
bc3a878e0cea124fa89618fa6ff31456,24.0
e93554bedae25cc95adba73f83eceadb,24.0
eab4625924cb39ec829007448ff88a39,24.0
557ecc6fecc593241fc2d6df9f28e3b9,24.0
370ef3b7866f640518d162b1dd58b09d,24.0
f4acd781056959f21e709bd68da426e7,24.0
f21e9f69a1ceee72245fc73e5775565d,24.0
14fb5a0c4f5e51db0c7511eaaf2e1fbd,24.0
d16a77f6f09068ce06d60606c75012ea,24.0
3e1d14a11cb7533386010664df9be2e5,24.0
0a6f59663e62cab6d29eb61d8a45ab63,24.0
a1e8f223581a3ab898a8e6eec52b8f11,23.0
1e9f20edf8f9cae16b66f7b170109e92,23.0
ccaffcd846918e8ddead1e0195ed583b,23.0
2649f878b7e71b144a7ade9dc01f51e4,23.0
13a28a3bee8cffd608c7dfdbdab08360,23.0
0397ea3c7705d90540bd78452a77cca5,23.0
d14e83e6b0b2d8ed148a72ef5b93eecb,23.0
967fdf6a71cecd94c8d45352775a404d,23.0
0f0f775bc0f68341ab43749446ba0088,23.0
707be704c28c1f4c2e4ae2c7e072d7bb,23.0
fa50adc985eff70424d12daa617d09b4,23.0
dc658eb89cebd92396f7b236dd5cc20b,23.0
d4c6b548e8948c3d9473c02efe571d78,23.0
5afa4104c82e020ff7834a77691c3cf1,23.0
5a860fd4efd954fb34081118ec52d2b6,23.0
afc933c3caed3b1987bcadd93fe7d119,23.0
a31778dfe5b46db7bbf2ec7447c6ac05,23.0
c102381b6f7ef9b30d920666d6a64f7c,23.0
571c6435dd0d150fa7961d85d39f5e32,23.0
9f5b056108836cefdcc46e94c7c7c743,23.0
01778ee9bb6f6dfbd0d6f99b9c643964,23.0
fb1187b2d11d4efa2aa2a16aa4861900,23.0
c368f6ee40dd296cf46688346bfeb556,23.0
350934d6611d7132b5af603e6cc425d2,23.0
9657190ca70e439398b59f503f65486c,23.0
5b3c5d5777cac502a2100bc2c294fa20,23.0
a4fc75cfcb1d9080e9241044239f4d82,23.0
48433732b4574d26ef4b72fd1d3bce0d,23.0
235e98d5e9e3250898b9a2a44e506a4d,23.0
531936ac473343d4fb4e80e567c6f921,23.0
77e28bf718cb1365bdf8d23a11a4eff7,23.0
89c2d0bd34c94f2f2a383bbada8b1c7d,23.0
9db7cbb2f934ae3d52fe19661d8aba5d,23.0
7308130e26582f6f62011de2764a1d01,23.0
e2e65847b81fecceeb1d579a2c41f99d,22.0
727d7e8a3dc4bab99244b35321c6bd22,22.0
ea2a880f446db97d1bc27b2414c52e4b,22.0
c01d9aa1ee91dcd10e1469b39aa19931,22.0
8153bf5a167d0d722bf8555ef4eebce5,22.0
e43f7e2b515f90c7cc3ed0b57326e373,22.0
d37dfa376df7e2bac90880be608761ba,22.0
484dfdc695a1f5e3072b13a2e5ce3faa,22.0
8615d70189d4ea0f12a440115756e8c3,22.0
1d1abaa934c16dfb0234868ee6f83b3b,22.0
6f94e0751747a4585ee9b222ac760f84,22.0
f8958043e5591ce538823b3cec738d3a,22.0
e9e0a79004a807d751fe2f722f9b1528,22.0
f27aeab8c640da17de59c4d799f1cfa9,22.0
45237dbd1ddc863f90357b6d6406d634,22.0
b0c242543725721d5e3eebbca82fd2d9,22.0
49d2253cd63173e6bca20b9abcd94296,22.0
2f7ed2e9232796cd09446c3a8fc068e2,22.0
3335504bfcb0fd52271d2001eecee8e2,22.0
2062f684ed6e89769179500b348550a8,22.0
f6619194f650044e0714b6969f6a0500,22.0
d10041df3e8ecd849c744bed3b6044c6,22.0
26e591cb1a1786095e55fcea6cc877d5,22.0
837ce94522cdaa80a7f9c234ada89687,22.0
e26f1669d3282798299563f0a0e7104d,22.0
6e15a2fef3bbb69ab050d6fdee387365,22.0
4acf3b85872ccf06f23b79e55cd14071,22.0
89595c639bedd59b07a70a03ef73b870,21.0
bd05e92ded213b761bcfd45b5796924f,21.0
a64fea7924295d50c5aabfa1054860d5,21.0
ede37f6dee3962984918a1a9d9bd53ee,21.0
0b1f8e433dd365f61b48664cb922025d,21.0
36c080ada148a5a731e68bf096f62814,21.0
4747091bfaed800899db63774779073f,21.0
a67bf5bfe63b523173ea91bb807c29b2,21.0
a0a33bfce8ceb6d8d2e4b98596ed0490,21.0
ec7a9f373c205c0ecc2f7fe5bf57b363,21.0
6fd5b2d7dd33bfb205f950e2292e2805,21.0
85d4fb52331f8ef76ddd50e525d28c1b,21.0
b8dce25bbd4d8d6fe130df3a96407440,21.0
cd871ef47ee18e8d34dbdbdad17a53aa,21.0
e4cc1e3ab645cb7bfbbbdf24dc556dcf,21.0
36af909366144e2123706b4ae65c1b4b,21.0
3c5b532d56ea91793a363bfa21fd7417,21.0
eda37225848ea3cfe335f4d26448df42,21.0
95eb65c65be8c5faca51bbc27884d2b1,21.0
781f749ec103cd1c2987380733ec081f,21.0
03e632e45007e7861211de3d4caab5a7,21.0
8daec31dc18a6dc208131f522a68fee2,21.0
7ff4acff00ac3137b9ab8a4bb71751c7,21.0
48f62259797fa4cedd96a35e73258809,21.0
787842f77ab321eb80f6e6b0acc3933d,21.0
ff8d3be52c40c6eeb619aad09c19fc59,21.0
f34f1b2cd474386f32edc0a66c530fd9,21.0
eb0902f654a5b95e782fd1e237930cc3,21.0
4cf8cdb6967af684df0401f7d6d8d416,21.0
88fd8e97341ba559836720e1a7a11188,21.0
b44940d08b84f270aa504d14cdf7cc63,21.0
2c0aa00cb31299b9ebef58334099e75f,21.0
e80d84137887657897dc3e4cc66cff4b,21.0
ff5fcb5e5a15087335c81400e5ed4988,21.0
00b2deda8d81a6dc705e6d69d96cb05e,20.0
01cad21908250d03badf8540f7a6322d,20.0
09803edc35ed9af71c23bf2aa9c2b6a2,20.0
edb004519e8b3182f87c2338501abe04,20.0
a1608a9fca8773a82fd4e60109a07850,20.0
49fb58d21cbd79e82bf4adf53aa4aeec,20.0
47a05debd1b4165adc8b661b9b06954f,20.0
7040808c0c0e2bd9cee5b8703146f5d2,20.0
78250969dc287123badffd9ad22328cc,20.0
7d6f3160d3569fcd4e83a061e64bf859,20.0
11c602d8d0654be31f20df8692e08ea4,20.0
1c065da32472b17ada629009908239c2,20.0
b685189f67abebd492d7ec80234e561e,20.0
ba0ba24e945b17fd02cd92e859a869df,20.0
e1903ba28b3dfe53bd9dd712d1868a9e,20.0
3c9d9ac264f31853706004702e07ad0f,20.0
6012b77295df9b24dca602fc2d6e6eb1,20.0
d53c7309c3aa19e6bd4de50dcfa6141a,20.0
52332dae23e129fe38352393ad4c4ac1,20.0
ee81d52c7b776cfec905c1008acd7681,20.0
ed273ef20e7caf9492615e7ebe70e8a7,20.0
f9dc5682ee383005f1cc697fbf8b181d,20.0
20355a48f2c9f2a9819ad921045969c4,20.0
51a3f9e989d1704fa556dd9b98756750,20.0
700d4dc3d26ea14093d0e815f4c11174,20.0
7910cce824e814916219d18fd252436b,20.0
1fa5f84f9345004f45a55b3d427531b0,19.0
ae795852a658942e1ee5d71ee929b9cc,19.0
bf8104aa3b91ceee818b4e5f339cc1fe,19.0
d802db425c49a0317f3123f27750c3ad,19.0
bc93e229c2b2b44cbb8ccb54616e9126,19.0
55e5322c8c791a6b2cf9b0d4c76a652b,19.0
cef9d237761ebe35a1fffec44a39e9b6,19.0
5034fcf4d41e6b696b267e94195f42e6,19.0
5274d353794f43c27eb6db5753f7a21b,19.0
9e32b9174181cff93371d0f079d94ee5,19.0
95b8af42bb182e5e9a260fce40c0caa6,19.0
613835a3ec09f424585856fe648ccc9d,19.0
f0335e532dfbc12e92cf3e4f66e9f401,19.0
988c4be4c44a07f8534596b42a02fe22,19.0
52d5509c56544ed65f5648ed4f6c30af,19.0
7e8994f6d5224d75f78adc1e1c51c2d5,19.0
0b6df58576986b0ce7a5230a378499d2,19.0
4c174049ef7507904c7f835a0763e0c1,19.0
1a5c85a3f2c4e05bd05366df4c24b9b3,19.0
b9a99178a5d80839e3f2fb6851eafce8,19.0
2633a5e0de347b1e1050148440b26847,19.0
cc0d88e6241c0fc36a3357094127562f,19.0
450ff2e0a52fcfa870843cccb62911c4,19.0
a2ad549125358691ff7687683da8819c,19.0
a02870bf3b4847c9eea8d2b16d51d5df,19.0
67f3f6d7321dda3ce0a4baa6b24f6966,19.0
e9c0689f79bc361f0310d44ba77ca198,19.0
34186f71010c76210c57414a39541c81,19.0
02d8898c22692568ab27a7a709a54dca,19.0
ca16da824be1618662dac07cf130de18,19.0
d7b8cd9d30e6082bf8d6a44eb6dd7334,19.0
358648087906d56d9e947db261691f31,19.0
37b7e84b0fe31f8caf96ff49df7334d8,19.0
08bc181badb3458892b3d63c7132ed9d,18.0
07b99fe1dc498fdca6ea3471af696128,18.0
d103ac91ac7be3aeb9b601a3a0d316a0,18.0
8d0b668bd88362013d01a734bb1c3a27,18.0
36b64ae4aa2786dbcb5a64a7dc2f035c,18.0
b1bf40edbb6a247066b7d20fb20e105d,18.0
095a3b03659be2bf6996c53eb734954b,18.0
77106c0679cf4abb037355e31cf069da,18.0
afa970c6ef64f69eac816530b7a9a513,18.0
411b3369908acc71a05c2a660476e07b,18.0
0dce0c23e861d0b911d8b1d62eced37f,18.0
d7cba0bb2b7b043dc461989e7a9a4685,18.0
a8d2dc6ee17d6ef9c678e0dcb7b7b8c7,18.0
18f647761d7fd3c279122c82995b5505,18.0
cd12fbb44cbca350c408d0c54a8ee3b4,18.0
60e92646770571894f94acb72207f9c0,18.0
55a231a0ba5e5bb40c49b41542dc25d8,18.0
b69d94710cbcb94b55a94682c3c319a6,18.0
c5aa8341d77f70153290e0bd8d62d9a8,18.0
47d311ea0c5c431d5da2acba597a90bd,18.0
a2b339aa7e0f820141c2d6660ddf4c76,18.0
983cf9b8a6145e8a14b6a097434a26c3,18.0
914080805a84ddf6357db8d9146c3304,18.0
06b84b76e2f15033eeae46ba0800ae14,18.0
71008ab5fcc9097bbe9e99f7abd0fcd9,18.0
89b7f4785b3dcc8569e866126773a19f,18.0
956ade4150a3875c889dabc11de9c104,18.0
1dd29babe1999a7363c3d6dae06fe50a,18.0
693728c5837a1af92794fdf683b54cd2,18.0
a14c7adc052c31a601e25e9d69bb5c02,18.0
470d1e4f452e2735ce16780e0597d984,18.0
b2b191c537c7385fadd4297817e98791,18.0
3b7a4a8e6205271c8541c6c1e296cf8a,18.0
d49dc2598ad1429d187ab4ca3e7c17b6,18.0
bbf25e1cb16b6de0235c739357c620bb,17.0
462f4309fc04c64b921b979959de1b8f,17.0
a49e626959f7d70660ce04b12744d34e,17.0
37b60199a7f18411b25e9ce0f8b72aea,17.0
0e8aa77ce1ae88cdda8e1f29073f3153,17.0
95a22e9750601b199351da6fd01f02c4,17.0
4f42c949cf06b432315e018f0319c12a,17.0
5595c15b9c5af71fea27866c6c6e5cd6,17.0
113152bbaf5de263e1ca45758c7bd01b,17.0
e4a4e81dfa0f5ab51d5bb60603adbfd4,17.0
fcb5d802cc3bf73449f7acc0b017d2ad,17.0
c21d06a8fc65a2a894a4e600aa0e3470,17.0
d415f1528d35ff2f23404784726e4c8d,17.0
2475401ea2c8568b36db40df2b827811,17.0
d941307eb4a91c0365a44a6660602ef0,17.0
42bc9e5ad9a23d51f3fee2868ca47437,17.0
b0aadf1f89d26214b8394e446d59f644,17.0
bd38bea27f873d92fd2a304114eb2110,17.0
f6ea4f470d9b53dbdfa34fb83e4bb92f,17.0
5ecdebaf1a93cc1d8e5c581e1857b05d,17.0
62bdee6a085a8b7bb63ad4235d5e7f93,17.0
41a7460c4a52eb3b55c38952e62c59dd,17.0
8cd43e4c805a8afe3d6dbfc1296085a0,17.0
58cd622251fdeefcd98580ee5cce2dfc,17.0
f78cf075b8fcc81036d2d5c873185784,17.0
275584b3f9201e18971422b7768793b3,17.0
fd8549e1790a01056417b2bd3a412bfc,17.0
6475d1c8cedadd5ac4346520d50ab548,17.0
f8c4b0eb1f342bedb3465b330eb71ba5,17.0
2551bd0f3c13c2874c78c7fc011ca6f8,17.0
9f023b92bedddd167edb85a4293f0920,17.0
0c6dfd64fa3905fab03ad9a809d60576,17.0
f4724102fff94261658b40cc10537289,17.0
0dca29857260a26a2f10059fb72e6fe4,17.0
b09cc0942a445a29681c99fef1fedd74,17.0
7ebfdebade42fc97a4d463e3171c0415,17.0
1a45231c7af507b793d00203adf5cde3,17.0
9214e300b2c65adece9a4f9c4c80cd58,17.0
07634b35249997c02ea6f0496b2671b8,17.0
5f60c5b5a78f9c23aa26aa61b79caaf4,17.0
8000ec53d09ee4110821bfccff37b390,17.0
e523e66616ac5673dca05258c4dc20d6,16.0
7bd9d4904e99c9d4b7cd26602d556fa1,16.0
57c8d5b0cc6346fcf0fa41a1803eaafc,16.0
9967f482cadf64da631a778bde4ee5f5,16.0
f13a6afc635d629775c44e9983697cd0,16.0
217cfeb4afd071f6ab1158745598f482,16.0
8406128b2f83314c1103a3a4469480f5,16.0
601d8912e62b953763a83f9533d25e3b,16.0
27e80721d17656e76c2d667595749e96,16.0
88e97f7abc29db475c3256bf3a47ee35,16.0
949f7acc7cce30ccc7f1b121998ce2f7,16.0
0dc4e6fc76a58758b2732fb148cb5712,16.0
0c06370cae0a1bc7b6fda60bd9297fa8,16.0
93b2f0cafe732c82e1ac3730ebd15431,16.0
6c68fc39b59cd8e1f634d97f1e8c0954,16.0
5ca0bc25dbb6b26adf7d186904ac85cd,16.0
fcaa0c9aaaa9502c7d201d95acf9c0b0,16.0
af5cfdd0cb3be0c45345d834c779b2f6,16.0
8f2629831f80da06df05dc986c09f153,16.0
d7f169974b84b7c27662c68c778640f3,16.0
17d67a6df56904aa4088c48a0cf20ec4,16.0
f163ad483eb970451531bbc9771dc504,16.0
3349d7d0f9c6e506b3a20d888c2d6ba2,16.0
e50ea95b3dc13dc9574ea0edfa4b68c5,16.0
657f708c10e53201308186dd5e231ec8,16.0
70c00b51cc0abccf94ef83619ba43bbd,16.0
c4a36d99e2063503209aee463006f2e5,16.0
95c9833239b71514f4b79bcfdf56067b,16.0
f34518458aecd267c66e80ba5a84c6e4,16.0
b96e5a550e873ae334fe722c0c6fe560,16.0
56db0ef5bb2b8df72d96b87f3575917a,16.0
ce8feeb0eb9837302df936941881da5a,16.0
48d0033ea0eae43566c104d91a564eae,16.0
98d692103c04411ab5c968116f33d495,16.0
d0d69396a897af9ab335891c78aa8baa,16.0
ed058b1e6b49c3849f4fae7f8905ef71,16.0
f4ad3fd318e836164e6d09a76aaf908e,16.0
85414211c7b8a7ed0bcdd6f8d9dddf45,16.0
4ce95e791a2f6562644858274dfafa91,16.0
269e887c46e04459a1a520ef37b4a29f,16.0
88b32f4e48405f209a1565f0b8b6d8b0,16.0
4f6f5530e56370e8d6b89d0659e67b20,16.0
b8f55e1f5b9596f49589f79a5a45d221,16.0
01e492c06fd1f0ca9ad9dd003c4862db,16.0
5f68b03090d42a1c4340931cca9c51b2,16.0
1cb24d61cba33a2e2f243b73364ee1d3,16.0
c5bae7c64006cb982dcfaa35e84e305f,16.0
22c3617b1150f9bb2fb1de9492e92259,16.0
4a16353338bcb444e92cac3d70943b02,16.0
4e3e617c77e54edda556f0ba14d57e4c,16.0
3e619eed9b29c9af411f6479587cfc2f,15.0
372941a2e0e2660c32ec02a9893ced81,15.0
d6927e2e1b7bf5e3a93d18c5f394bc2b,15.0
c0672f9ab5cb18a4f8055ce2b2602492,15.0
cbe7ef97698cd0f53a405df9a8583788,15.0
1317a06a1ae1fad53355cd5f2a940c77,15.0
a538a3cd5bbb126a5659999a826bb26f,15.0
85c197f5efa97ca1f793bed0f6cb80e4,15.0
5e7268616d690706755c8f0491d2b8e5,15.0
4736fb49dfa4de0c7704097691e9fc6d,15.0
01302b7bc6422f5553e8814ecfceeabb,15.0
22cbad0293009ec5de6364469192081e,15.0
fe85144eeb311c03407574905894b9ab,15.0
ae5bd2b66c763a32e29c5c0657875d0b,15.0
2547c48c04ed271f14635e95778b606b,15.0
09310c3ee09f1adf003a249a7e450640,15.0
95840bebe421688e797fa9febf7dca26,15.0
49b8ecae4fc9dcbb982c9c129f05ed95,15.0
92f45f614f06d1b5c93cf9369b40c7c9,15.0
a9f0abb5d1f92c6472a6c87ae04e052b,15.0
7385015d9b5d6152520e9410a9a45694,15.0
bc8e8a9adff4cc82003b7fdf9b3186da,15.0
31350dc1803dd6c278f5f562ef6ff120,15.0
8f015502b57619b7542b96dda615a3d7,15.0
dd6bdeea030fcfaff536e3b82475a6ee,15.0
aa4d030d665ce0005c201ec6c746687b,15.0
d28ccff0f7d79f0ffc3231270111f631,15.0
f0bd32c979a8030e8c3e6ae8cc2e39c0,15.0
65fc1b957c5e5c7ac960515412f764f3,15.0
626a980e9d79ce43831d9619b0cea4b8,15.0
aff7c25c95ee0293b555739f00dd0291,15.0
1fda8371961927f327dded221d0e504e,15.0
95d2aa786a5c9fd480ec4f9eafcfebc7,15.0
6bd75508b63b0050f1f41885551f52c1,15.0
3cab58d6249613ad691827b3aa948761,15.0
6df6e54bab4cf3d8e0c018d00c3bbce5,15.0
cfc0f992fca8f581627912e91241cbd2,15.0
05b42bfadf128a3353572546088a66be,15.0
6520c58ba13085c7a83c95f2dc2e93c1,15.0
5554cdfb5aad6532fd689120b7163b7a,15.0
62ab855507ac80d8691ad14299f3cfbd,15.0
4b75d7d086882f180350df5339a8bd38,15.0
984c5a59d9be8442c7d1227ec867cbbd,15.0
00d25ec32ae755e789c4b253afe2383f,15.0
bd4dd58192fd0a5a0de713d5b7e328c1,15.0
551202ed68dbe0c6cc6be71c9c5a7a4d,15.0
dfe112146f8f8479169120b8edf217c7,15.0
b173187612aa0b5fc30d06af19343270,15.0
dcc2a22f0b4f5276224db2890dbbf139,15.0
5e4e7221ea8f0c58df3f7bb24b8791a1,15.0
f81e28dac3a2e4276491a18337c8ef27,15.0
62d6733b13e145673ae77991a4240ead,15.0
e0bd4719b291f23fc47c847d9e899465,14.0
307986a21a8bf61b18d95126b5170157,14.0
7244d4f4355c124d2914a07ff767afd9,14.0
700e1e555e3570ebadbe2790afe9694f,14.0
cf7857df3a4b0efeecdab605ea43ea98,14.0
e4a6bb3ccb8ecb8101b5ef295386bf2b,14.0
ea679aa85ccccd0f97b3d5b72e047308,14.0
385e1c03f76ab6799d3b0251511163e6,14.0
ebd31c7140fca800be5c5ef1e31b675d,14.0
efc4e2da6dfc909fb7b37833f4e3736a,14.0
3e03492bc46a4146de510836f7b49962,14.0
ee28f0d51bb29af5a555bc42f8e413ca,14.0
1271ebf3bf0a6274aa8ed188cf45caf1,14.0
67debe3e6039174d87a68fbd515e33ac,14.0
3359df18c12d5919268641447bcd0ed5,14.0
33e53e3460752cd7715ba419b2080cc7,14.0
74a1eac60432afafb3264e34cc4788a1,14.0
641febb7cee7865b52af6003fc923ad1,14.0
c52c966235c62880eb1e82bf810b30e8,14.0
d77f4fe6f5fcb353ffce3a9fcce582da,14.0
8f8d4be564dca569b224d46388e673f2,14.0
8671e224742ff737beb5a665bd13b7e0,14.0
696930993743aa453c9e85c533cbbafc,14.0
7bd0f600d42113a5ac9f8075f04db5e8,14.0
4e2f3102718e9927844cc284e38c57bc,14.0
1924716a4b7dd6783a2764ae71243d47,14.0
c91135df89d4a81614549cbd3613ab17,14.0
7490032050d5bc78514d24320d26a709,14.0
b96f4921e96146c82f85dd8a40ce0f37,14.0
3f5a73069c5973c46767ff35a212c091,14.0
dd2c05aa89a701c1aa1fb7f40d3bef6a,14.0
c16ceeebe3d4a7cb9d4bd0dcc7225014,14.0
6a6d919fccc63071631aca4c5596d2a6,14.0
c56aa98b1028fccbb89789671005aa15,14.0
55e08d97418a9e703de8707ef41944de,14.0
fc933925cad7c57c28e391100809597b,14.0
8976c3e42d3be081b2a7b52e95b1466c,14.0
fd045e2656cc171a35d7c2c796d2b898,14.0
f53b1bcd33af69837a3e2266901eced4,14.0
7defbb81097fb143c0ef6f67eb2fe243,14.0
27caaf466b1b08464d275c58efa850a3,14.0
61aacc44f554a1f7a61aaee337639576,14.0
f8aab7eff8995acac52581d0cf131a3a,13.0
0f5ce5351a594a67a128dd988e07545b,13.0
ac5d6805ea39bfbbdf5c23a123b514bf,13.0
593c9e7f8806a931802fe45d3b10b2ba,13.0
3af4c047e5e40a71b043cfc96757c1dc,13.0
b43977410321fcf761d77658521d3719,13.0
16aab467dd0bb3ad8da9105674284d62,13.0
1338a99e185ee4133a69e7999991ffa3,13.0
d70f09001fe95f4b0c8a703cf8c7e551,13.0
aaae685dc570f488116cb632d7e0890b,13.0
c9795b0e5b986b5fab860d07c3af4369,13.0
ff07f53a0cd694dc01062e1d584b8c37,13.0
314eca4b0b6deb1346d7ffb34ee1863d,13.0
4d4b67f31a70153fdc54d4425fe0b275,13.0
c430f167426e39a8f411ffc76fe9fb04,13.0
ce244759132b8597826a9a9a533db0d0,13.0
f0615f642e4a42d9e38a415506dce2d8,13.0
81e896230ab314c010d810ba5d6d6272,13.0
1adb822a4f163c57d44d43ae1a7fa36e,13.0
3b52140a7ac61e859eeb92f691d8de80,13.0
b4e984749d67e23486f03b4b5d4f54ef,13.0
3100459966988784e101272d73cf8f7c,13.0
8313db19172234cc3738adf3e77a1d9e,13.0
2f961d217b26302d55020e8bfd613da0,13.0
f478d0f3905c58497d0a167dda3c0de0,13.0
5be20ed9a73f941ed59966d9e01f3361,13.0
69565df8ac96982cde14197076835c87,13.0
7710f2692d9193dfe987c99e17170530,13.0
3bf50917a7ec978fc24fb3dad01a77b1,13.0
189815152b0d17dcdf9ca92fc3803b23,13.0
0fba5ebeba488b3b58eb099a54870db8,13.0
a19c651d1e9c4152d1df74b7d223d504,13.0
1e4fff3a44374843fed28cace97929ae,13.0
584d5f224e9be47ecc7cacf89e7d47a4,13.0
17e5cd0f1b0a1ea3678ec9ca280df1b2,13.0
ff9051003f7149b9814f733160cd5825,13.0
3345c4512017b01dfa4953446510c84d,13.0
c75144152f1bb17975132d414d59816a,13.0
271fc46349e5170343ec7451c7739684,13.0
b44c25b7794a5c53f490498402f5afc0,13.0
68e37416eae9bbf78937e2e1a84bffe4,13.0
7e7074cfc79667c63615bb644cec3149,13.0
62cc41ea9ca69ef7fe10f22f823ad29d,13.0
952c4a340c3ac8870f63bee13489a509,13.0
7543ffdc700b9f46bb4c7be005f42d5d,13.0
db32fbc176704b21076d1c1d4db01bbf,12.0
df3d7745a0a2a452c435c5dd10ab544f,12.0
48ad0f0b0971e5fdd79813ac71dd831a,12.0
ebda1b65b75beb516ed782278a82cadc,12.0
3d7f84ef74e58986d49e0e78f1e8eb10,12.0
b083d46630ee47710af7bd4ca393363f,12.0
e9a455ed7f1e529514070f633ee52ae5,12.0
6b95f19588fb8748a527e39751a1f538,12.0
63e39c5ef00480d2cf07f80ed833a7fd,12.0
4cce8fc8a2537595db27f6748d194c94,12.0
28f1b90c3578e8feda7d94160054673e,12.0
d49928dfe71c451a59fc0d114ae09fa3,12.0
aa66561e7fd6295130173403382fe305,12.0
8dd97725bffc61dbaa8753c3d50777bf,12.0
11a3457eb3b4d34d7671bf2bb07a90ff,12.0
2a5c890d4d2fa22e9f2a1eb4811aa223,12.0
f165f5f00ed71bd6a799a88534b2b431,12.0
64c0f40f6e6ee154ad970bc3fb339259,12.0
ae659de1a8c58c6a28ba74019480a017,12.0
8c0be86274aab8305287befb8410dfdc,12.0
0978616ebe6253d85bb8c58617095947,12.0
ae6efbb651a33fd58a4a4f2b822dba98,12.0
b3a7e3a761e7c2c8693b42b8cfbff8b7,12.0
700072f9e46699c48da834beebb3c758,12.0
7c3b45a51b978e0b9cdc69258a3de06d,12.0
1dbcb3fce386320715224e1531173010,12.0
b3a94006908be9fe44ca2f8ca1ccc889,12.0
58aed7a8fefb8d3acd5539d9a515403d,12.0
a12c2c3a5dec9e79a1f6f3c504894eb8,12.0
393e5979c36a6f5b8d11ee652cc72217,12.0
942434796e2b36851ccc7321e9f9fdf3,12.0
4d503cd55b3b052013cad0287350d48e,12.0
c8a5c2e3feca9c16a9da4033bd0080c4,12.0
32a69710525f2640216fa7903e2cb091,12.0
794b2246b49b15450b1374caafa2b93c,12.0
ff5929f5f0fce1bce190d2df50ef166e,12.0
3c9186bba9f9b1c3c1c4956d059f07da,12.0
7ae35a2196c055daf79f0ef94cb1346c,12.0
ef7357c85000a687d86448f3d34abfaf,12.0
3f4b06f9b848ff773849591a3c6b3566,12.0
76edd7cfbdfa1ec1a752e7e4029aa554,12.0
953363f500f983c34abee1fb210b88c7,12.0
9787fc0ac888cf02f4f80d77b8996151,12.0
106aa91901454fad9ff7cbefbb322ffa,12.0
6b5e11ea27b62171c890a9dd72c17b14,12.0
f6fbdc20a68b0d5499344829981680cf,12.0
94182bd1ccda3a3e559dabaad51822aa,12.0
1a6ce4739c5e008880afd6940606980e,12.0
3b5bc386b0e2671994ed8369987df33a,12.0
a7a37fcc3337f6a003ae9eaef85918cb,12.0
454227403c053af6d7621dad1498c10a,12.0
3e0b2105ddf72a24c1297daa216277e7,12.0
0d13df77cb4c038d436c3a01b38bc63a,12.0
5b9916a24150464abab32fa3d0d717b9,12.0
25186f3c59709e4b0a8fd7da0dbd5bb8,11.0
3a28a99851c1e8e7f7b4a4c995e11f77,11.0
6a2d00c44d5a89d746a80952ee009e8b,11.0
c10933465f2a553fb10f41f1bf9779d5,11.0
999c1c7ab5d30797181dde28c732c620,11.0
0753632fe90b4b7b4598c2604413d2e7,11.0
f443ce0ea773a71568f1dc175d183020,11.0
a8f185863c82e0b809f5f6e4bbce4161,11.0
ff44ce82957751ec131e5e30a4c72303,11.0
7d5a1d47da6ffafc41faa5106bf9ee75,11.0
3db0eb7b63f6cc1bd2a1d464c417d112,11.0
4b108a8dcfa8fb12fedf82db55a43dc4,11.0
e076a013a78635ce9275731522e9d35d,11.0
9be2d171fbd8dfc530d162a2d68b9cf4,11.0
3950987e4069397f13d3080bc3dee251,11.0
5cb7bf64cfffd8ab33de802e0bdb3d8a,11.0
706b731d2c6e25dada19c19b77266732,11.0
0ae1df3962551d7eebdf089040d049c1,11.0
fcfd262d8495877cca130ca2c10666d1,11.0
e6d686f88ef74c6ac4f8dca36651c7d3,11.0
53d6fcd3fe5998a984229998cf7bd975,11.0
59d8244d3e842c520406bea0cdc2d564,11.0
521e3ce9c53f4b72aff07fe312f421be,11.0
7bc51a48111463b3776e20f8d89458ef,11.0
4535c8890e0b9cc6987b303394e4cb5d,11.0
8f7ae3a3c84a3ead78312175c01af151,11.0
3b615ec7b557e1b066e322cd21d4763e,11.0
8cc1796be6558ce6f436db1e5bb2b801,11.0
bfe8f2b26d05bb5b826684072a9d7537,11.0
a174e2341c6ddd7606726b9916b7167f,11.0
76e6cb6e06f3141d4443d4e48b59c3a0,11.0
71a30c44b6aa695a2cb18b05eca16f90,11.0
8ad6afc1ab85c336b47350dcec82bca2,11.0
877b4c8c1e965d2983f17a455429d79c,11.0
6f527efee645e9f551f6fac46dd11144,11.0
91fccf8cd607b0d354c8705aa3886752,11.0
2cc5ca33d73523dcdaf3684185fb697a,11.0
b4f7bb481f056ccf5276f0d9d805797e,11.0
99a0c1e5c26ef8852818dfd5e004f403,11.0
87142f9857942748993704dff528155e,11.0
0840db429d80c30ee9e78057ead5a484,11.0
b3f952e016e12e02df3ed1bae5f98634,11.0
ab3b63c5f7d6530203bc9998dfc512a5,11.0
16268406d468431c53158ff266ed66b6,11.0
503c12241dba48e5378bf8de434f12b8,11.0
acb81b24b5ca07fe775f0704b6f457cd,11.0
f5786da81a3ea273992c230758f21785,11.0
8a4b9e5fe4ecf577c8397a66b22c86f1,11.0
1f7ba2005ce3737f6e009338ec949b7a,11.0
4eb722e0cedd71518ded2e4da8eee015,11.0
a06e61e1afa8eb72278e1f962bcf688a,11.0
37d985497376e88a5c6657c158cd86a5,11.0
5992e7d3aa335cd327dc81e0b1ff3695,11.0
250f1501e59d21829006fad08ce447cd,11.0
89f24103c2934e5dcf5f8e30055e41a5,11.0
6d42c5d19cef0052267b1a71a5d8f82f,11.0
b8973fa27b83599ad25eaa936e1ea699,11.0
d8ce60d1e424515d30b7e367af44920c,11.0
01affb7d5d8cc9982008d417c180d5fb,11.0
a86d14aecd3f35ed09e9b618ef22b3c1,11.0
ae87d85c571b488334417504d5d69502,10.0
8c93b8f44d8962cf99ddd5058b461fb5,10.0
ec26f174b63652bd6f0f8865159f8f25,10.0
b4e030fe7107c3ea14a187c64251d418,10.0
e2a68728028650adc1623841382fe159,10.0
1608c2f2440f577ceb0549492127e71d,10.0
2091813c013d7720d357f4f701953f59,10.0
0807b80e93c1e31361f6c69e9569a10c,10.0
d088af8d1807f4352c0fdbabb0afff3e,10.0
73e7a5229b025b6e6e1397432c0b19fc,10.0
16bea4c4b99c37101376310598d0e823,10.0
9e504a93d3c4122f23a5e0d50eb4e2f4,10.0
d9da2e7ff1d82072de1c9ab10c5f662f,10.0
a2a8e68bbe5be34dba16248b03baa075,10.0
0c1c4778f408937c9ae264c8ba7e9ef1,10.0
9e96c6f92be1837f7dc2bb2ce189e8d3,10.0
0c16bc84a7191ba6c21029bd94d3512b,10.0
bfd3112318caede8a35affd183229869,10.0
36a7ffc9a068f964362d8d9fc5612139,10.0
490bafea280cd6be5a198537821c7a15,10.0
198f7cf51205f7bfd47ab4f605aa01a9,10.0
6ead58d34b936545fa3f9d3566ae5f63,10.0
796153b2ffa4a28d8d7b3d2a9afa4504,10.0
f10b9495fc7e57adb831f970ae5b8bde,10.0
e988742f6e2dc70a98dc4dd8c8e5a694,10.0
c6a0d55cd3abeb8208c6247a4bf7ac12,10.0
73b68219144111cac24a71b8854be4ae,10.0
158be92aaab5087d196b4e3b4a03b565,10.0
d9508d86427261591d06498fd86e650f,10.0
17959c0b2ca25d0f52f7d38cb97551e1,10.0
592e7a8a6ae377942bb24436c33332b9,10.0
a04f05e6ead0cb6e1a310af6636c0d30,10.0
8e960965952d4dbcee1d5c7eadb1229b,10.0
8d16dc244a9d8662a2904190bce4cf71,10.0
835093c89f86345eefe27a1e386ccd23,10.0
d87e2f65c7d453367f2a1a57e599c1c3,10.0
755177355b00bb2e6baaf135b318354f,10.0
5059a466508de74dcf4571bc8c7ad206,10.0
e7b5396c70f2fca002b58c6d4bc319e4,10.0
5f0f36e5b175b3792e5acbd5612afb91,10.0
d3be28375054ac6f29f1f275e9fbf3d3,10.0
afc906ce55f4d2f2d3ff31038403f7e0,10.0
c5810df4f58894c25d506960fc70132e,10.0
1e15affdb23d760316d4f5d2efb47217,10.0
65c47c03df537b28e2fff37ee115a2d4,10.0
2d32be97edca22ae290cd4bf686d5837,10.0
4549f505a528e4fb044efc0dd0b35898,10.0
9e716141a9a6443babe5f5e1e5ad4776,10.0
2f050faa2920c8d404910a4eab85267e,10.0
bfec2a5b8eb4851b50e85aeacc0cdcf2,10.0
d45caaa2b1cf79a1c3b2c59d8413e654,10.0
01d66d587428dcfa23c81e5e49802839,10.0
d9f71bbf3ab61f0c3068cf775ba85278,10.0
f10df278053bc81ef9032a30b1711c93,10.0
54d42800061801022fc161b8865bc9ee,10.0
198312be954474b5df6edd9aa7c89a5c,10.0
93eace627f2fb3bd96115f04653bd6d5,10.0
b42b462dfdc02da58922be361690e624,10.0
178af3166a41136242353f17e0321acc,10.0
41f023450832f64fc8bc28c2e9017067,10.0
4eed216dc7291262fce8462f9b270d90,10.0
798f294496fc5a9ad653ceefae11066d,10.0
8b25ff858c30c7f1c05883e7b6409ffa,10.0
e7ce0bb008aff32aca834f11ded4a952,9.0
948f1f97282068199ad5c231e57c379f,9.0
44fb2f9e2a708e5e2b539e62c84bda5e,9.0
0f253128a0005e7e215630539b49801b,9.0
3c7cac4ebb09856ab716ad24fbc03e15,9.0
d1a344ea906f5d676b6dfc9b6617fef9,9.0
0f1984c7e25d50bfe2096a75e74eaf1e,9.0
594c719a70db8697d57792ba9b405151,9.0
cc5127c106e2a6b20a3b0c487ee4a060,9.0
1dc01f6ed56337ab8ccef2c499c0b534,9.0
6a7fea47d3ea53860e7aa0852ba78d60,9.0
f28fc6a015c7df6882beb59c2789606f,9.0
04cc82fb9ccca56769165aec97546ade,9.0
f42ea70fb910777587fae6b352917074,9.0
477c74470f734f63c065c5670e0a08de,9.0
a6e74b31b6ba738c0ff47aef40b88a53,9.0
867892c52e39d28481705cfc4bcc39b0,9.0
b115ddb1939df132582d8d0162287a6e,9.0
92e015d7a3d351ab0f14961e2a33c22c,9.0
d3f3d4bc270c709b669e69bff698353c,9.0
9561058965899a46055dece3a520193c,9.0
46e842c428bf9b92b63ac843d2f2b7e1,9.0
1ceff9f92a8608c839ecce08fd8524d4,9.0
db971309f4c5900588916f206d526305,9.0
09b749349e09f2bafa2b1486914fe370,9.0
abb3c843c141695219b689ef3bed6453,9.0
7301db7524f644f98b39cec1eb552cf9,9.0
252c3e09f180b52cf1d108dfd24837b5,9.0
4beb401b5bb6550aa1c8f99f4e720d07,9.0
9546f7512128d1785233b6e96bc7873b,9.0
92656bcbea78e2443b8807552b86e850,9.0
f7baab30f7a8247b94a2485e7cf41d39,9.0
7c243cb91987a44e1e17604b35d25d70,9.0
ac5b40333f3abc403b0892b22974a4d2,9.0
01128e387d803d6efa825bd211855dc8,9.0
bd83062ff954aa41a15a07c2c14ac48c,9.0
621965a9d270fc858c59cfab0e21ab54,9.0
1487f084321f425e4d2587d2a8f7c7e3,9.0
0330c5f50ee11253d6cdf8de95b7393a,9.0
fbe8d1ad8788a779654abea1c020cb73,9.0
5163e63487b4dd4691d223695962c8ff,9.0
23b59920a9a5b04ebeb9b081dc32ddb2,9.0
c435083c4ec85d4339938add08249aaa,9.0
ffaa0cbbfebec70b53655368df5b9cb7,9.0
f7de3c6b744e0a6f27f2eebd30310761,9.0
8de6cd75e2b3fffe4104e2b17f29df51,9.0
caf2f7ff16fec7c668bb42412b70cd06,9.0
404fe5024c8e58c31a80f2438ed4006c,9.0
96b4d3ce8777f86aba7fab661d154b9f,9.0
9dc17c379d2bc9392ad21f637449dbb0,9.0
d38332003dae9db42f5a91708494d6ae,9.0
a43e56f96787db9fe050e1fe9863e275,9.0
788e14d2e726dec70e7bd2b5b62be37e,9.0
06d81a0d5814b342e424335648ba4cdd,9.0
fe5b9aca2fcbec12406110a243f0c05c,9.0
dc32967173f7c0b8c072c47a517f1015,9.0
8011da002f029b0a909459f38d7a4175,9.0
d2c6748dae5b39d5911aa96a78bac561,9.0
6c6d103cae5f06a7edb64ea6f392f202,8.0
23c7e51751b00e308fe4978b5b930bca,8.0
1b593ff13960e74ccb6a8ed9cb8f33ec,8.0
ef4056deb776ed55e7f9a3a0f1c656c5,8.0
31ddc3cb49913f814ceb62acf6682c33,8.0
5263245d43f3809833a5a611052b642e,8.0
db31fe41c3eb2e3e227c36f30ff6d27d,8.0
b86c1e7c93d6f279cbabe0c43b481751,8.0
b84285f8c414f8dae20bfa0c483e13a0,8.0
11d65f4ec6b522e2ff5a88690ed3d70f,8.0
2c397d822cbefdaff92d791cc6c63c95,8.0
b3eec782b58b90e72b75b099a3f6e7fa,8.0
44733d4f194d59ed5b2ff4125b40f7ef,8.0
61c710400ae7fb60a3c9334fb0f38fbe,8.0
6d9307da9ee86c331bb2eb0ee1a10e9a,8.0
05a37800a339203bec658cecf85a0924,8.0
3c9e245da2882b49b401a6e84fa26f96,8.0
40c234cb26fbc1f5749ea660d9501c8a,8.0
f7a1b1a3ae7c5290711958f994be794a,8.0
8041f84605fafb9160ea1cd18cd11adf,8.0
f537dc9cf04cddfc58d0a8045b8eb032,8.0
fbbeef2c45ab24d5ba5a8cda09a06c8a,8.0
a8de58915f79bcd8a48adb18f40c3dfb,8.0
24e29cf10716718d11a136ca94494d10,8.0
bc57960ca243fdc5c109ad974acb09eb,8.0
fef3b6b9918572f624be7343a6b9fdba,8.0
e0bd0ae9824f6939f39062f134272237,8.0
17968a438cf4b24aaef207bcd11ec62d,8.0
ca21bc2851b51cca5a5404f9094d4c9c,8.0
fef479c96c482e004d86eaa2eca19741,8.0
e5e8d2eebecc71de7c10b56c9be3e6e8,8.0
79489fdaf3a422c2d9e316f9692e501f,8.0
fc8723abeca5da4a528059988e77578c,8.0
ffd4bdd0d86cb70d48728e3d19eabe12,8.0
b06714d470a62e5ea1eb148598bc22aa,8.0
81c0f685113cc0d3fc350148af3430f5,8.0
2887c9a269252f129be765b154da79a0,8.0
5cd4858ed2928bfc7f8fa3013c924559,8.0
cf75c5339f5f8822c0873443881896df,8.0
4528af6e577264fad12b5b80f40c4720,8.0
92a8ad870aa363698d3e1d79a89f78d8,8.0
eb82f42b79c0973ba2fd68c591a45ba1,8.0
c4c66ba3cfe8a0fa31453fa3391dc795,8.0
b18d67f14c52621e2a539dca63773a0e,8.0
427a6b64e6d9a47488e922e32cba2195,8.0
8c46c28754d84a272055b14a10e1b909,8.0
ae009e48f89e6469b7efbc726c9a3f9a,8.0
485d884a2c62a1ccce29562e98bd59fa,8.0
460ca21902ccef89fa23702e054b4c3d,8.0
1d2aed572ee15967e45a22e836988f24,8.0
535abab5adf825086b415ffe764a1d90,8.0
1feab0bc0f6d200292f3d2bd3f5673ae,8.0
392c82508e588256c558c1d8bc955967,8.0
6faecc745b01101dba8a20842a041edd,8.0
46a22c527f38ef1217e7280233fbe54d,8.0
cc09a4317a6148b307d45dfcacc394e8,8.0
c5278998c20d7736cd85ffbe0148edb2,8.0
5173c919b949b1af2c18d576c482fff8,8.0
4215e2a1173447cbac5ed9292257a25a,8.0
84f62b7861aa156f0727f724c1ffbdee,8.0
e6a94ea64b064d3cf590395433ba2147,8.0
7742153595d90764e90e7f6e9403a0ab,7.0
855ae0087e04f2c91b23ba99f8310232,7.0
6c9fac5d7c144ad21cf8f637c05d2f28,7.0
22eb4ed8ca5ee24e02ef21099d5235a6,7.0
bdcea7b63bbfaaaf0d47c56366a55f9c,7.0
cd2f95179797a288fb4ec8fc36d1fc8b,7.0
712c62482c3e0eaa96ab5cb59bc1e775,7.0
dbf74df27ffd89b695503b7c07309df7,7.0
a0f2597f77ba73a4bb513c0276588018,7.0
5846fdb288d1913e16abee45b90ab304,7.0
9abc4c786f04c66b45aee7ba8ee49ecc,7.0
9bea4e664f2adadcffd9274461920ca0,7.0
401d458afb661d9fa2f4773fa3dff473,7.0
42306200f392f836b0f51f1750ccc065,7.0
a67792d40568d05c7edd690907278a4f,7.0
e879d5b04c8a6397ced7710231392eb0,7.0
a121eb5c5b279a41e41ac4a6f8aafe6d,7.0
4d16118c3a520454c116ab4e74397aa9,7.0
c9d0eaae43b9f7050dc76cc48a8bab57,7.0
48b2a84e40f318fb7aa7f771614045c6,7.0
8f308520889cf5a51d3ad83af0da3397,7.0
f035d5a5106c00b151e5607ac2007843,7.0
7e8b3218b6c215628e179299eade34b8,7.0
81c689092ebf8f3586e9ec21ecc67136,7.0
c325f9932184119e2c38625ec37f75d5,7.0
55d41dc1385f10d43f56768767e49f02,7.0
df5dfe83becde25d2199917ad33ec212,7.0
8802f647b9736dc2ecdb6dd2b7293e5b,7.0
18236bdecbfefce3e910810bffd529b3,7.0
c54caf291f4ed44b5312c6a27f3dc895,7.0
765052c4f44d90c3f01ad0d2da7e31f3,7.0
f1d1744d4dc79bce9cfce5a478099ee5,7.0
f70d33338357ce865a3d7709ae5f7e8e,7.0
de37504f43a08e59efb2e2d493adb37e,7.0
3cc54595809280b6fdd41d1bba2f60d2,7.0
7249f9fbca7b2460b444c8c43e578ead,7.0
db95ceeb01a31914d017f0de32d832e4,7.0
17e6b7415f50ebfa68910e897a3a787e,7.0
493366987eff052d20a4ada802e62f57,7.0
e9e7297ec995592883ade83e45f833ac,7.0
2c67fe5e7aa85fe044fc03ee0b34e731,7.0
ee8f0e81c548a937a5c4960d5e8864b0,7.0
38af04f38ec8c02e7dbd2e50fa1209a9,7.0
9b5afc1e44c0f121b273286a584932dc,7.0
5bcdccea8d280e33c5fc4398e63cf884,7.0
d2e21740a1aa7734c5fbc51950ae20ba,7.0
0fca0455712bdcc02bd1c73ffd9f3dc1,7.0
5bdc7c357ad4f0992030549cc40c0a22,7.0
4a78b235e2abcb3458eee6d9c39ddc3a,7.0
ba6112f6d750b7483a5c97ed9b948321,7.0
cddeec72bb68d28e15e0373915b725d3,7.0
82ad0839de01a240c71bc0c02caa9f72,7.0
2056e2e08f9a8ce998bda4ba0bea8155,7.0
e07347f8bffd5e1d2475e939c3429e68,7.0
4b52c16f3805adf778e0803ae2c1cebc,7.0
b06da97902a2cdaafc4a69151f1fe4bc,7.0
5a6ba60a76a1cad70bb0faf654b17da3,7.0
4d384ffdacce49fb41457a56a0c2bb06,7.0
f67a513cd8562299a603be582630af29,7.0
d074c11a567e873a0513006103be7d72,7.0
c229828a66e6e97d6a907aa004bfbbfe,7.0
465c2f64c0abe07b37f9828bc19e5ac7,7.0
2a5ffaba11a51b0d4373314a11d41cf3,7.0
b66ce6277bd9ef400f54cda44fea3424,7.0
0f1a325479b222cb073905ef48a5b8d3,7.0
6c69d7fec8516e2ecc1e169db5693b33,7.0
ee736e8e912c2ad1f02c172e16290e06,7.0
9e644a39ae582ca34a47bbc122621707,6.0
dda65f721c0b0bf15be5721448eed864,6.0
af8b481f7425a0e92885f29fcd22373f,6.0
27f47fe7ab3f9644b8902b123514b0e3,6.0
6079ace40ed8a8706c98a347895e9a63,6.0
863249a86e27c46c003260215dfb9806,6.0
f76880114c15a448ecc090bac757ab6d,6.0
00adabde8bf4487a2505f456659e331b,6.0
9312199db978f74723983afa7c50b5d1,6.0
fc2618151df156297fc48f7d07cfb049,6.0
1494f1901d8c29cd8f0a09d4414fc6c8,6.0
c0f849baff74c26808dfa8c2ab8c6946,6.0
0001a369388c0c9ce2b34e0a9e63986b,6.0
5b433d2b0a3f93ba43d0eaf57abd70ff,6.0
8dff041efc6ca2813865e7eb0560f02a,6.0
f2e57a9d685d895d9a5ab37b7e1b3885,6.0
e122cc980d6c291c47f52706999218a5,6.0
d0f23f162223cb65b9b3ebee428d6124,6.0
8d6dd07ca33e047c48f87dfa570a8a0f,6.0
fd0f413188259589ea6637d8781f0b3d,6.0
2e828fc3a0e0e6d331da3e45a51fb595,6.0
ae0f5d777a0d5c5958682c0ef5745e9f,6.0
d24918f8a8a76cef756785f132b08b02,6.0
9aba80a674565bc3aa8d45d81bd57712,6.0
f8319817a2e202ab8b1c5b411d957448,6.0
078a4c2e339d9c4f4bd13c0d34da2705,6.0
6b482ef5653593242a4d52a9e01cad68,6.0
564bae1e6126f2dd1ac601751a845f6e,6.0
a0ba26aba7e6886339394ce4baabeb51,6.0
dd2d191fe29f044fe1b02af86e55572a,6.0
00b3c8e8dbaf576803d60962083044b7,6.0
df073925de1ece3ad4998a68de50ce64,6.0
ea351c28d0482cf8c4bfe5a00c42f735,6.0
cc57fd708edd83b8799fce1f9b66797e,6.0
022f0920c2d047e982d523e8d5622d37,6.0
5e865b218eb1cc0143f879aabb187b9f,6.0
d92b1e4583a6b01bcad9edcab80d2299,6.0
48a0a6223c5eccbed05213e3fd0b58e6,6.0
1d213e8fe3ac97e96973aa07b0729446,6.0
d0990f6fab7385ec182a5c493bd5d776,6.0
ef02b5eecb84134e8e37d749b68a27b0,6.0
7c0fe5a1651e0ea484dd77834b92224d,6.0
6d6696a7a60be658a485c0ddab7d4863,6.0
d4cd4979b2cfa57d8a7d33235779cc42,6.0
4a5b90e7c9eeb159f6138dc2e0650870,6.0
395cce9dae6441abe111b04026f03c43,6.0
a51208604c3f31a51c0628ee4cfe0467,6.0
05c690d8a11e7907c40c594f52f7443d,6.0
b35478e59074b1bae7852d24aa3e3c5b,6.0
280a7c6c58b0c217c0661a60b4ce35f5,6.0
fd388306f0b94853fa6e3a8e66c33a71,6.0
884b50a9487694aa8ec4a45bc57054e6,6.0
656609ec099d42e2746a301ef6bea36b,6.0
d374ac0201b438289238b1516552746e,6.0
986de7cb6fc2a84302eca9e998c11c16,6.0
02352e19a4e687f2cb16b5559aa8f696,6.0
1eaadcfeec5774cee3228e7f7c102350,6.0
9a3aa8ced35edec87d6933b48781ef69,6.0
9e2b5be585a4d43c45594d415d633389,6.0
2675d960bfacc3f10db66bd155f36f70,5.0
d4de01ed2825a073273cc8ef33eed5b0,5.0
8be28a6790dac5f0f652596ece6e374d,5.0
5d9cc8ecd18fea4d39ee1b57c90ca1b8,5.0
3a3a2e41ee1642a513d264a54ae56433,5.0
2808242b537d46b0342fd1ffac7c3b21,5.0
15c5c7c60328a5298d6b427176311001,5.0
5285c35f6a4d9a909e3f63646e2b6915,5.0
79c854683bf0f56aa8c571c1d89ac1c5,5.0
0f35be7d0c426d7b1ebd124527d85edb,5.0
5a1a53f69f5848271791114f3bed2f3f,5.0
a83a2d3bbc0d4a6b554fe89025614796,5.0
e24d7152d796dc4c403284d73da3ea2d,5.0
8d5e1200092e2789f2e93fe5f5c86e36,5.0
27c1365ca568ee3087c563c468acd38b,5.0
b6c50e2d620342d9a98e6d3cc04ad251,5.0
471af2d1a004c740cddf9f33e7b255ed,5.0
9749a01deb523d5f450b31c5cf4531f3,5.0
f2a13f2817e7ad5197239efa27fbb025,5.0
f6ffee974cb136aa7516efb49c18c909,5.0
40fa2684722fbc3efb2d984bb5f1224d,5.0
ee280b2db87b83ecc1bdd61180fbe61c,5.0
c4007154fa1a3d31f421098b018901c5,5.0
2532cf4a197706277171c0903bd72154,5.0
2d8f38d7a2e5e6d130ca26236625c9a7,5.0
7a32aebeee78666f8cbe74e93b03b0f7,5.0
04bcd9993a9a220df76878f786953a82,5.0
e16ec117cef58697d8cec7653ae671e6,5.0
058d52c0fbbf7d784990dffde99ef903,5.0
915ed24d4e7918c4b7a3795f5835d4a3,5.0
652fb0822df3aa2a949cf927e5b51324,5.0
acfe716da7a95771ecc75c429d91d418,5.0
7210d7adfc1fab07bcdf5eb2784c87d5,5.0
38353ce4da345a6cd8173d24e4760be2,5.0
31a4441f2fc6f2a624afb462a5c7f707,5.0
6f11c0cae3122888db6feef2837a65fd,5.0
71673a0a3ec53644907492dabf69e80e,5.0
8860a8d7b35ed869dfa469781e58df03,5.0
4041de4d26aa093c92b0581772b33636,5.0
61af6eecf7a11455ae9057083697c6d7,5.0
780adf37c32b66a792c286837f589674,5.0
5c6a804d0105cbce98fd89b8e1b82ba3,5.0
6baa7490b532a433db5975d7f66330de,5.0
db77a6d1f1dbfe9f07977128eaca6693,5.0
fe87a3e7689e67f5e154ca0939a6b0b5,5.0
feeff51d518ae17eace765e1894ae0cb,5.0
17d7a85cf954f22cca0c0cfa1984a9b0,5.0
1fe76abb7f0515d50a8ef83b394f0f46,5.0
58d9b4c4e9f373e9324667f7c5c76c54,5.0
ac6d6c026c9ba4d90de6d757c68fad61,5.0
8a530ea3a78d469d56d376f00b5b8f7e,5.0
442b3972153c34292edfaed3eb71a6b9,5.0
991a62b2a0d441f2e2af347eae5d0420,5.0
89fe5b4debc81d5050ae1d77880948c3,5.0
bb1d6a65ad50f3df5ed53e31abd186c8,5.0
c5711965512fe56d7a9bfde12f9d51be,5.0
5fae93182afd83c6b4d2ed6841da8590,5.0
4f70cd01df745c5966925bc6190602e6,5.0
d6dab0675e924a26e758e8f1d6e9bd91,5.0
aa1a3b7cdf69a636d34fe25ce1dadef9,5.0
89e0180135561e26bc8824ee772f10d6,5.0
513a4e95b3264207b3f6b99c399426ac,5.0
41589ef9fe2bfdf863578027cc22c409,5.0
f260d94d94ad070eb20f99417ef2745d,5.0
f65ee9a5bcd1cf74f8de8b43d91509e0,5.0
233e9e759cfe6953ba3c6f623efafde0,5.0
17966c2991827989b130c72f06f748ea,5.0
f16d801f48c811c7ac79f604b30b26b3,5.0
7cceaa87eb7e34cf62d57b40a2073453,5.0
d7f041a639fe06c7c1b80c8471c00483,5.0
bf995c5456b19a22fdc2b3cd1c63f717,5.0
8795ca96cd437d96524896edf98fbae3,4.0
8b0ae8eb480d992876ff3fa31703b59c,4.0
20d756817f3766b0f7104d3bc47086a6,4.0
94bc381a4b0dd8550ddf4ecc0746b48e,4.0
e250486eb65620b1329159d6d4ad8f3b,4.0
e6bac66bec38cc3521476200306cf325,4.0
77d182dddf0144f8d63098df3319b698,4.0
48de44aa63412a2f4afb191b8c54e528,4.0
e6bfac522c688d973da56e14e1cac621,4.0
cc7b492dbcf913d2f5bf7489efb8ab50,4.0
168e25993c879dbab567d7ccf3d8953b,4.0
820d64ccaf6f52c1c925bf47131434d0,4.0
7b84477961ad6971c5e701a7386ddbe0,4.0
9540015c1657f866ca7c02438ffb3756,4.0
370891c32151bc1a8455473ca4cb79a5,4.0
1fae61567e9b7d77304a9464793ae982,4.0
19038ef58e59b9856330512e1d6993e8,4.0
1ad2ee665a911a36eb3f109207fa9c9e,4.0
8111c6438c963c56a214cbdcc2aae66a,4.0
5f26463afbd791509c7d4772ecc3e3c2,4.0
140bb9d78c36a2f3503e6608302745cf,4.0
f16bd4e3f68653e6fd2f5f084e866e7b,4.0
8e416b5723254e175f79708dbcf6870a,4.0
c1f8010edba5e89f72499ba40fdf9d77,4.0
16097c98dd553b3be156b1446da2c651,4.0
f18c412fe3a5be7638603a967daa5f85,4.0
bd202c3dae27d1ab25eebe16df9c4185,4.0
f57fc56e00edabb58a512bf520ab13d1,4.0
cbfaf7280f5da2411e6098d75070683c,4.0
0feea77598e20a04b535f3b061af2915,4.0
fd0c8ffb6c8f35ba1432d0f8a72051cc,4.0
bdfe8674532df43c37107492fb7f21c3,4.0
ff286a17e7e75a7a9a196c7998a95145,4.0
3fcb8776df39c80a5abda7f932afa076,4.0
37c7f753e72199ef18b6b94090894884,4.0
14ac7b75edcaa88cef4a9b2d3019e3ef,4.0
c9c87fe90e52375ab44f8881c510835e,4.0
ca08f7331089d9dcfd61779d8aa1447e,4.0
1eef13583906bea15742376fed8396bc,4.0
294357cc2f2588d70050153dd9af5c89,4.0
0ba025c6572da6fdef0a896fa5df9bc6,4.0
f571f0f96018567893b0f5d5eb5f0ceb,4.0
c9125915165b9e7e95ad47c4dba79f49,4.0
4cce5437ec1f46c5db70c60d0738aea8,4.0
973e1645caa8563e541ca5a45d6edf08,4.0
ad10e794caf018fa236b15f3685da1fc,4.0
fcfd534368b117e44a41dcdcd457a4f5,4.0
42ec6dc8eb9ab72b98813dca6c2de5e1,4.0
0f66f0d800a9749bc49b820c29d6a37d,4.0
c97fe111652b9ac007a2d8c2e26548ca,4.0
ed2b2c979148367d253ebe547906a29a,4.0
70cde6dfaa9801940f1c878b96657726,4.0
9481e8a6e3bab1884665ba0d40132d99,4.0
95e61b580992e77d02974ae8539a0892,4.0
fae0c6311586f0413ba447c9344d5a92,4.0
1e7127918f379d27cad248a4217c713e,4.0
2a4903e4fdecbee248b36b194f378057,4.0
c69da306aa6f97467bcf8bfd4d171a13,4.0
ca372648058198bb11e5d3a3c22eed13,4.0
62ac5d48d2d7cfbaf7f3dd86ce214c25,4.0
8b005b4ce2aeea1f010f1f71931411cb,4.0
7b39b3148caa1eadfde82723a6dd4d29,4.0
c34be1337089e9916576a9ecac394d0e,4.0
79982b31ff030646dfed0233984175b8,4.0
3fadd4e115a354958befce12df63631b,4.0
bc879719d33f8870e8218c666ef5986e,4.0
99dee88d370df146ea10c4ee17772403,4.0
68858dfb8ac87dd7d8571b7855795248,4.0
7b6947268c9b84504041231856f0bd33,4.0
fe1dd0f043b361be99c3991c234b277b,4.0
b44a9450f25525a43963b3e2a1ff7fb3,4.0
39ec758b95c4e92f870a20eecb75c161,4.0
10ec259bf2247ce8cb93c2fdb4f58dc5,4.0
4175bb8419fdb696f4febffc9d21a9b0,4.0
d9923577eced58e7f1e587c5e7ef0d70,4.0
e2072a453f738eeffe1acd8232971ad2,4.0
262c02b021c484b1e5aac52067ead20f,4.0
b310d49ad836e3acaa4a1a0a887d6275,4.0
d65cfac6f6fd8f2e725b167a3ffd7ab5,4.0
b3f1b43b3302fdfa933d2443eca7c2d2,3.0
2bc765bf5e5fed3c0354532628d478c6,3.0
81dce560cee70979de157a7bfb0c4010,3.0
fe59b5aebe74db697992f7537620f2b3,3.0
7e165983e1dbd80c403bf7daa63308db,3.0
2008fc39dad58872c176afb5082e3e93,3.0
8ceb92f2b0c413d125dbc6a2215da256,3.0
ba0ba13741f7be4a9e6ecca5e2ea2e3d,3.0
c34dd818fe2e6bc94f27c0d198fa44dd,3.0
7b98dcb4e51370be89148caf318d8d1f,3.0
56a19eab7484c92df17327501637171a,3.0
72cbcc0b79140072967efb8e6e336b2e,3.0
6a31c4c7f035e3b9055bc2e32cacba49,3.0
6eb5f79f030a7f7404601f2f823fefbc,3.0
72f9ced035b93839c11f27f9d517c49f,3.0
e3c9e15b70e23186c7cc93172dc8b9d3,3.0
cef5295e3539461c0a1026f56c695196,3.0
1176f2c1387b9f2c5929223e6d21da87,3.0
a7ffb6066d9a40f703e3480ef98c7db7,3.0
3b6716f4cf819cf283ec102653a17344,3.0
9b879da6b45f9de95c3493009f03bebd,3.0
d2a2c2286cbebf23aba917fff54ac547,3.0
7815c011ecd394f5cc5c06f07a92043a,3.0
df99c65d1c75abb68fc61017d8c2ef98,3.0
5381bf21016816ff93c85548d6315cff,3.0
8d5948cf7a63fbd0e1ee77a3cbb1eb7a,3.0
03afe8e6eb896abd3f116ead30e424db,3.0
761399357d520ba3ab66f07c986d8a7a,3.0
2e5ea221b8ef9c80596d3ae6d633ea3d,3.0
7213e9ae9a4900cc5ea8b394693477e9,3.0
32980f4b47f9c8d5286ffbf784c7c9b7,3.0
0ebe0027ddcfd5b997e0f172cd60e24f,3.0
5f0d9f34cfa7843de8c7ce8fc56868c4,3.0
1889d01565df5845a109bdd0c1a662b7,3.0
69b4b47c412b6a672db57395d28a5913,3.0
6b8b522edcee1f7cfae8e9e0c09bb564,3.0
58e150cde7d7c52793a8f9f63eaa9e28,3.0
cedba7213c0b02d84200c3fe82d28c98,3.0
1f719035f37a95c0ca894827c40e40e7,3.0
a8f350105fee8b162415d54a8179bc23,3.0
40c3296391657721ad44d3de87b0c128,3.0
73764edecfa24aab331662a214418618,3.0
dbbe3b582851833ed578227c444bb125,3.0
40c218182f44cc1d8451c0eb58959451,3.0
677d54624c4e00575d2c409399f217a9,3.0
a04d5f730fdaec518d1f863df4402027,3.0
923f91e2b9aa56c0d9535fd22891106b,3.0
9db004e1d0b987e6f9d28ea9930a2606,3.0
8788b4399c48bf58d55ad210c17a7886,3.0
8c5a8897283150c8671ff4a7e8d18131,3.0
c79421f30fb80ff2efede4d581cd1f0b,3.0
6f45a23521c5d9151bcd62edeb373587,3.0
e094f9b28cded02f09fa4caa3e91aecd,3.0
65464503434154f2c7e0ddf003f8d7fc,3.0
79c10b7855ba46141aa3693590ec3466,3.0
0645fe710b8d45b29a42e5d448018a38,3.0
956f41f43a62b74a9dd9d22ed18c8620,3.0
446a62f734574863388e37db380caba5,3.0
2c6d6aa4f500984fc522099a96957c1a,3.0
1187f591fd963a2432088b09e05fecc8,3.0
bfdb11aaafc31fc586cc79d917dc937d,3.0
bb12ffeeb17f8c84319ac30e96a3745a,3.0
bbb5173e25df243f17b875a8eaf90799,3.0
63b78a08ef30780b0041a35dcc0d2bb9,3.0
ad42ccdf6984b41661f7289dd86fef24,3.0
9eb07d14d11cf537d03f1d9d964bd485,3.0
51263421471b099c9220aed607eef5be,3.0
426d2a6d42454a25883a2113c078dd17,3.0
e02a2d5a74e17ae2b11f30728bc94121,3.0
c09770cf2924669cc7c615feab536fee,3.0
e39da5e62375894061dd83211e731fc8,3.0
c919b1822377cc9ab66da6436a92df33,3.0
b640fc9b0319f5fd5e8c3bb8bdb3bd4a,3.0
b8725bdbc922f88eb36d0b1aae55e12f,2.0
562eb734b8eca7639ed8776d38ea7a90,2.0
6aa724a2638c037adb0eedbcff6d4058,2.0
25a1a7b579fd07e65c820e3d0a372ce8,2.0
e5cdae723ee039e2261097548207a56c,2.0
c35bd39b35178be26bab4493455e3b22,2.0
d02c9c05557c27c51062b1b06495d2c5,2.0
73e5154776335f6affc6677a5c93eb1f,2.0
07e19db5b56330f8579fa5a16e5de50a,2.0
9cb1a4c1fec55c552c9dd2352cef12f1,2.0
4339a33eb9b877fb348ab08453ee1af5,2.0
1d7ec5492abc9fd549d536e15ebd9f79,2.0
d2e19c26acdbc60aa991205d1db4c4a6,2.0
dd35118819f4767e33afb4a99e569073,2.0
f421013943e8def91d02ea1e0605a54f,2.0
9bc93983054143cdba0f854c820b9e87,2.0
276d0e09abb8a3980d241ff34688bd8e,2.0
b77c1dafe0358e4f7f49b235dae41341,2.0
47d0cdc5d4f893be3aec8c109e861577,2.0
596bcc33ea9afc07d4d8adac37ec8261,2.0
dbb14ef152431a3f7f609cc4d73423c8,2.0
55928f552be4fc580e248acb3c3b5b19,2.0
0402cc55bf39f4225ea5efebacd249eb,2.0
0e543c87e84b8b884223be6df520af78,2.0
e455602ef4d7253563aa3dbeb0a7833c,2.0
ae4fbc45be950cf97d8c90d486b50648,2.0
db79b25618e0ad9300814dd07cef5da0,2.0
a8dd0e2f04089781912a21ca3a9d2860,2.0
c79237927e40d18d7131f72d991fe844,2.0
295bb979c08834569d94bb1dd3559ac9,2.0
434c630fbea57fdd0b6ea98290f3e542,2.0
3e37cfe44f6df95d8e232ad1efb1e5f3,2.0
08125967c67b8bbf4bdda79b34a210a1,2.0
276e096d1385e331fdc34c02be5cca27,2.0
5377590b995a3ffc2442b211204275e8,2.0
533f02d6247f8f4d73eb23466cceba90,2.0
2f392ee4d6c777508d04d08f9dc42ead,2.0
c8376b5a590af314a48f754693fa4fb0,2.0
ef3905edeeede68c9ac086eadbf82da4,2.0
677a3f2b0961ea8c28d1293649cdd8f1,2.0
32394e16397e5189e527166a7222abf6,2.0
cb63c9a2d97890576d29afbc9f95bccc,2.0
48c3426e088509c3f14e71ab46bf3d9e,2.0
be6b082a9f02874466a2b2cf6c3f2b41,2.0
a6aa922d70abae75e6a20073f6d94e48,2.0
0f2f46d217fc781aabd6d09010b6ba6a,2.0
ab386601a1a7b50ae52f20de4e45237e,2.0
726fc72f8c1c0a231c461e7229fbdb30,2.0
c13755df642d1612bf643d77098ff370,2.0
21ec6cf6adf32a6b594079c381ac8227,2.0
dacdb31f6900684e66faa6fa89af7aa0,2.0
d8996eb015dc44283c10cd7cd9a1ec8a,2.0
cb4266262fcf7ddef8349ac9c2d3dbd0,2.0
d73ce7ce77d88ba43fef3f2a23826f66,2.0
1070bb56700285e4138190d42205e62c,2.0
ea92cb3c2312b480e16cbe8dd7dff239,2.0
dfb6efa1c0d8e784418ce32dad5b6559,2.0
58dcb3452b565ee4345e688ae7dbce41,2.0
2b0f0f76f8c8b29c00586840614e4c6e,2.0
46f19d5b4969bc766bd73d57e1dc0530,2.0
9a5f4dfd137f11958e0349190ebc9117,2.0
a6d9b70bd7e709fa2040fdbce182c339,2.0
348c549e659cfa4d9c77d9b78943761e,2.0
b4e189ad1836ff8fc7f9f46cbab062ef,2.0
6f2d8990accd73aaf14d953b09223703,2.0
33959616bb05f631395f2a21503fcbc1,2.0
38ba97db37896c94474c0a5c869e75d0,2.0
61d3ca0bb81b36514c35cb74aa710be4,2.0
2650b858cdd7a91b47c8507951a5e2a9,2.0
f60e9c2760312dba70c9d72b80b8fb14,2.0
72d3d337c4c8583665fb2f8ec7d6fd2c,2.0
ceaa20c9121129756f55c2c17f8479c0,2.0
6df5bd6be33ab7591b6c72a538e459b1,2.0
3c1f72ede37a6907fa9d1afb9c74d66c,2.0
2291cda4db45bf1ff566b1f47268d1b0,2.0
fb2c28f02f83e044b577da2f69bc8e39,2.0
8c9919ec912d3d4233bb0ec1842f1486,2.0
6d557b8cede63eca676b00adfa5305d7,2.0
ef727d8c23a5a8fdc64b34a33a687c61,2.0
e9f823d775eb72f1f41c17a023d7d87a,1.0
8cfffc64e118539829e720bd440c58dc,1.0
cd180b2d74c90623c7c900c92ee29cd8,1.0
ba59a7d8aeb05db3ea13d72cd06faa0d,1.0
2476c1af1df909a55aa0f7e4fbbe2865,1.0
27682bc4c548115bf6f3406743d7c1c5,1.0
86952898efdfbafd812ea91073919fe5,1.0
9b5f29c039595e5b9b3f107b20115e67,1.0
b06c49987da4a7653abafd9f16a12b8e,1.0
e09948ed50996d812f68a7cc3cbd322f,1.0
519515af924009bd5da8e002e4877c18,1.0
835f3f3301fbc62ef251ff23d076ad6c,1.0
ed58d6d2fbb3626b577313f1ee099b1a,1.0
8c366ea83e2c8ecc90a0fa6b2a573c59,1.0
119317236930b82b868c2454928458ce,1.0
46162856ca29e270b2d0d5123fb03820,1.0
12eba0b5de63d88962f711995c11a31d,1.0
4ff78b78155022051723b51743c0b185,1.0
afb81a490fedc92a577efc8ea51d8fc9,1.0
0d504b53efa01151cdcecbed6867edae,1.0
