METACYC_ID	description	BAQ4166.1	BAQ4166.2	BAQ4166.3	BAQ4697.1	BAQ4697.2	BAQ4697.3	YUN3428.1	YUN3428.2	YUN3428.3	YUN3856.1	YUN3856.2	YUN3856.3
1CMET2-PWY	N10-formyl-tetrahydrofolate biosynthesis	193.3264	177.30700000000002	187.1175	206.5142	291.9157	149.80200000000002	196.44299999999998	219.112	76.5961	285.9006	176.3657	265.5547
3-HYDROXYPHENYLACETATE-DEGRADATION-PWY	4-hydroxyphenylacetate degradation	115.8014	0.0	0.0	0.0	0.0	0.0	0.0	0.0	0.0	0.0	0.0	59.8731
ANAEROFRUCAT-PWY	homolactic fermentation	127.49799999999999	204.2761	67.1461	163.6848	209.4154	121.4045	105.0675	246.955	78.0041	263.8499	179.5161	252.1664
ANAGLYCOLYSIS-PWY	glycolysis III (from glucose)	258.3869	217.2601	342.1888	389.6859	470.8066	239.1197	284.0898	311.6705	111.9295	327.6789	265.3409	381.7855
ARG+POLYAMINE-SYN	superpathway of arginine and polyamine biosynthesis	32.4519	84.9002	56.9884	136.8855	146.4235	79.2459	136.2274	122.7735	0.0	99.3257	96.5722	98.2004
ARGORNPROST-PWY	arginine, ornithine and proline interconversion	0.0	101.5648	34.3436	0.0	0.0	0.0	0.0	0.0	0.0	0.0	0.0	64.2498
ARGSYN-PWY	L-arginine biosynthesis I (via L-ornithine)	242.21400000000003	178.9137	319.7801	347.218	436.3693	222.0743	258.613	258.8867	113.5444	281.1875	240.89700000000002	337.8922
ARGSYNBSUB-PWY	L-arginine biosynthesis II (acetyl cycle)	239.4524	192.6847	337.5575	379.4581	479.5384	238.2797	291.1114	275.0267	118.98700000000001	245.342	252.4612	349.1935
ARO-PWY	chorismate biosynthesis I	224.5499	157.2281	330.0178	372.2678	453.9957	236.3848	254.2108	255.0681	96.6282	291.5865	258.4065	328.4474
ASPASN-PWY	superpathway of L-aspartate and L-asparagine biosynthesis	46.8963	47.2272	51.4994	120.2724	131.7956	82.1031	0.0	40.9746	10.6294	14.9261	64.1979	77.5708
BIOTIN-BIOSYNTHESIS-PWY	biotin biosynthesis I	46.2343	55.593	0.0	132.3123	225.9584	101.57	149.3307	171.1495	30.9679	264.1766	118.0842	53.0737
BRANCHED-CHAIN-AA-SYN-PWY	superpathway of branched amino acid biosynthesis	403.832	253.5848	462.8131	469.2994	588.2814	274.3589	364.9552	297.4464	157.68	417.662	331.9561	493.6571
CALVIN-PWY	Calvin-Benson-Bassham cycle	258.6374	207.5569	342.8002	394.5341	492.6332	245.0489	269.5067	296.6379	119.234	289.4795	263.0653	361.8892
CATECHOL-ORTHO-CLEAVAGE-PWY	catechol degradation to &beta;-ketoadipate	92.8703	48.648999999999994	20.9002	46.7213	37.4622	23.0192	0.0	0.0	0.0	0.0	16.2251	47.8946
CENTFERM-PWY	pyruvate fermentation to butanoate	0.0	0.0	0.0	0.0	0.0	0.0	0.0	0.0	0.0	0.0	0.0	24.9786
COA-PWY	coenzyme A biosynthesis I	200.0	187.8329	328.2253	341.0	433.0	215.0	271.0	248.0	113.0	331.0	251.0	312.599
COBALSYN-PWY	adenosylcobalamin salvage from cobinamide I	123.6765	104.6206	103.6554	66.4343	102.1291	47.3447	62.7383	107.7151	62.7361	20.9995	35.1772	95.0762
CODH-PWY	reductive acetyl coenzyme A pathway	0.0	0.0	22.8991	88.6504	139.2767	0.0	0.0	0.0	0.0	18.2	11.4872	41.0714
COLANSYN-PWY	colanic acid building blocks biosynthesis	118.0273	153.5786	224.77700000000002	0.0	140.8686	0.0	142.012	97.8028	47.5733	131.0473	129.1911	137.0634
COMPLETE-ARO-PWY	superpathway of aromatic amino acid biosynthesis	236.6024	161.1295	351.2859	394.6731	482.7017	250.4829	271.7969	273.4245	102.4007	310.7676	275.0925	349.0121
CRNFORCAT-PWY	creatinine degradation I	0.0	0.0	0.0	63.0392	69.8609	0.0	0.0	0.0	0.0	0.0	21.9093	0.0
DAPLYSINESYN-PWY	L-lysine biosynthesis I	243.6224	192.331	281.0984	330.5134	374.8383	226.9115	258.9801	225.0432	105.275	296.1617	211.6986	330.788
DENOVOPURINE2-PWY	superpathway of purine nucleotides de novo biosynthesis II	147.4283	0.0	180.1068	0.0	142.7996	0.0	56.6498	211.52200000000002	53.4197	81.7152	124.2142	137.0135
DTDPRHAMSYN-PWY	dTDP-L-rhamnose biosynthesis I	318.1691	213.5574	323.4699	363.4659	448.2622	224.5701	267.3672	244.6764	87.2926	141.3987	223.5508	333.23900000000003
ENTBACSYN-PWY	enterobactin biosynthesis	0.0	0.0	0.0	0.0	0.0	0.0	0.0	60.1887	0.0	0.0	0.0	0.0
FAO-PWY	fatty acid &beta;-oxidation I	304.0215	236.695	360.5285	383.2762	378.0906	146.9726	374.7264	141.5468	172.8839	320.2256	236.1532	317.4767
FASYN-ELONG-PWY	fatty acid elongation -- saturated	128.4556	187.8129	219.5938	206.0614	421.5518	174.7415	302.3078	356.0511	94.5838	421.7879	218.8464	263.0701
FASYN-INITIAL-PWY	superpathway of fatty acid biosynthesis initiation (E. coli)	66.402	77.985	0.0	131.7628	240.6967	97.5139	140.7709	187.3577	28.6343	262.7952	107.7387	67.5992
FERMENTATION-PWY	mixed acid fermentation	0.0	108.8056	179.292	175.8023	250.4837	148.7559	167.2597	176.558	0.0	0.0	128.5507	72.4498
FOLSYN-PWY	superpathway of tetrahydrofolate biosynthesis and salvage	171.5401	197.358	203.4988	232.2897	312.5172	166.4806	215.104	238.1721	87.2956	304.5867	185.7409	251.0668
FUCCAT-PWY	fucose degradation	0.0	24.878	0.0	0.0	0.0	0.0	0.0	0.0	0.0	0.0	0.0	0.0
GALACT-GLUCUROCAT-PWY	superpathway of hexuronide and hexuronate degradation	0.0	37.6808	0.0	0.0	0.0	0.0	0.0	0.0	0.0	0.0	0.0	27.021
GALACTARDEG-PWY	D-galactarate degradation I	21.5166	0.0	0.0	0.0	0.0	0.0	0.0	0.0	0.0	0.0	0.0	16.2467
GALACTUROCAT-PWY	D-galacturonate degradation I	0.0	56.3129	0.0	0.0	0.0	0.0	0.0	33.3279	0.0	0.0	0.0	23.364
GALLATE-DEGRADATION-I-PWY	gallate degradation II	0.0	0.0	0.0	0.0	0.0	0.0	0.0	0.0	0.0	0.0	0.0	11.1087
GALLATE-DEGRADATION-II-PWY	gallate degradation I	0.0	0.0	0.0	0.0	0.0	0.0	0.0	0.0	0.0	0.0	0.0	11.1087
GLUCARDEG-PWY	D-glucarate degradation I	21.5166	0.0	20.7304	0.0	0.0	0.0	0.0	0.0	0.0	0.0	0.0	21.1702
GLUCARGALACTSUPER-PWY	superpathway of D-glucarate and D-galactarate degradation	21.5166	0.0	0.0	0.0	0.0	0.0	0.0	0.0	0.0	0.0	0.0	16.2467
GLUCONEO-PWY	gluconeogenesis I	273.5404	215.4348	280.4646	365.8334	399.949	221.8656	236.5134	259.1131	96.2952	281.8628	223.361	334.3721
GLUCOSE1PMETAB-PWY	glucose and glucose-1-phosphate degradation	21.4796	3.9746	0.0	0.0	0.0	0.0	0.0	0.0	0.0	0.0	0.0	0.0
GLUCUROCAT-PWY	superpathway of &beta;-D-glucuronide and D-glucuronate degradation	0.0	36.5628	0.0	59.3177	47.7891	44.7192	0.0	47.9906	0.0	0.0	21.9656	51.5428
GLUTORN-PWY	L-ornithine biosynthesis	225.2036	178.0297	291.5499	333.0246	406.20599999999996	224.5409	280.5972	254.2899	107.5301	291.89799999999997	234.6711	300.3054
GLYCOCAT-PWY	glycogen degradation I (bacterial)	136.6977	134.6503	212.0588	207.542	295.1954	177.9671	153.0984	173.7072	54.5015	198.0835	159.903	195.4106
GLYCOGENSYNTH-PWY	glycogen biosynthesis I (from ADP-D-Glucose)	120.0096	141.8027	199.6172	201.2621	303.1243	179.0245	145.5201	251.9273	40.8667	219.4502	168.5577	247.4174
GLYCOLYSIS	glycolysis I (from glucose 6-phosphate)	258.967	213.3337	256.2756	405.9456	474.1377	244.8692	263.2378	285.0228	99.525	298.0675	254.9189	341.7509
GLYCOLYSIS-E-D	superpathway of glycolysis and Entner-Doudoroff	201.3154	196.5391	103.8488	213.01	258.7644	149.1115	133.9754	224.8596	59.9523	215.9999	181.808	263.8706
GLYCOLYSIS-TCA-GLYOX-BYPASS	superpathway of glycolysis, pyruvate dehydrogenase, TCA, and glyoxylate bypass	138.6328	186.1476	99.2684	171.8316	216.3905	128.0907	0.0	152.9367	48.2632	0.0	102.4709	174.4529
GLYOXYLATE-BYPASS	glyoxylate cycle	156.0114	154.3092	80.0728	123.7597	135.6563	83.1751	49.74100000000001	75.259	53.0448	229.7461	84.8475	158.5564
HCAMHPDEG-PWY	3-phenylpropanoate and 3-(3-hydroxyphenyl)propanoate degradation to 2-oxopent-4-enoate	0.0	60.411	22.8558	0.0	0.0	0.0	0.0	0.0	16.3636	0.0	0.0	0.0
HEME-BIOSYNTHESIS-II	heme biosynthesis I (aerobic)	45.3451	103.3727	38.8295	97.5991	181.9961	92.0811	115.6318	149.6825	42.5806	239.7383	75.7552	154.0302
HEMESYN2-PWY	heme biosynthesis II (anaerobic)	106.5005	146.659	88.2549	215.9154	302.9393	194.37599999999998	165.1088	226.9916	68.4058	297.1563	138.08100000000002	199.18599999999998
HEXITOLDEGSUPER-PWY	superpathway of hexitol degradation (bacteria)	0.0	55.0603	0.0	111.0192	103.5792	59.565	0.0	91.03299999999999	0.0	0.0	45.3476	0.0
HISDEG-PWY	L-histidine degradation I	139.6263	147.3363	127.1686	173.5499	172.4536	148.9037	77.9	73.745	20.0	100.5288	82.62299999999999	229.4138
HISTSYN-PWY	L-histidine biosynthesis	212.9244	141.7002	295.6258	361.7628	446.8305	223.1876	248.5091	231.8909	82.3242	197.4021	208.6009	313.0327
HOMOSER-METSYN-PWY	L-methionine biosynthesis I	261.2849	135.3333	119.6203	209.9467	202.6573	167.9345	98.8491	177.7865	18.6407	209.2722	75.8333	294.10900000000004
HSERMETANA-PWY	L-methionine biosynthesis III	274.6721	138.4712	181.2057	259.2153	241.3282	171.9846	163.4	99.60799999999999	66.5869	272.8199	170.4941	247.7291
ILEUSYN-PWY	L-isoleucine biosynthesis I (from threonine)	554.1439	287.7659	475.4867	453.9188	572.3577	277.6461	354.0697	320.5828	157.1106	418.4759	324.3303	552.5239
KETOGLUCONMET-PWY	ketogluconate metabolism	16.1959	0.0	0.0	0.0	0.0	0.0	0.0	0.0	0.0	0.0	0.0	0.0
LEU-DEG2-PWY	L-leucine degradation I	64.5272	85.9479	82.7848	0.0	58.3722	24.6475	53.7082	36.8044	34.9387	68.4435	20.5944	86.6678
MET-SAM-PWY	superpathway of S-adenosyl-L-methionine biosynthesis	217.8697	158.4155	181.0583	266.5777	281.9361	188.31900000000002	150.3582	226.0348	32.7188	258.2113	123.5494	308.4608
METHANOGENESIS-PWY	methanogenesis from H2 and CO2	0.0	0.0	0.0	0.0	0.0	0.0	0.0	0.0	0.0	0.0	0.0	16.7713
METHYLGALLATE-DEGRADATION-PWY	methylgallate degradation	0.0	0.0	0.0	0.0	0.0	0.0	0.0	0.0	0.0	0.0	0.0	13.7535
NAD-BIOSYNTHESIS-II	NAD salvage pathway II	48.6947	51.3127	53.1677	0.0	51.5643	0.0	0.0	0.0	22.5767	33.42	51.4919	54.4779
NADSYN-PWY	NAD biosynthesis II (from tryptophan)	0.0	34.8051	0.0	0.0	0.0	0.0	0.0	0.0	0.0	0.0	0.0	0.0
NAGLIPASYN-PWY	lipid IVA biosynthesis	34.1818	33.1374	147.822	65.0	155.0242	59.0	144.9053	165.4441	31.3187	202.1998	134.6329	72.7551
NONMEVIPP-PWY	methylerythritol phosphate pathway I	204.1501	169.0634	279.242	306.3908	355.3418	215.0	265.0	228.1529	92.0	141.1846	187.2095	290.1314
NONOXIPENT-PWY	pentose phosphate pathway (non-oxidative branch)	394.1973	271.2245	406.9067	508.9282	587.6772	302.4077	310.1452	417.1307	120.4701	355.1533	305.7564	488.6623
OANTIGEN-PWY	O-antigen building blocks biosynthesis (E. coli)	250.1363	181.08700000000002	279.6163	336.2399	413.8165	185.9656	270.2289	245.4741	96.8858	190.077	216.1114	317.0112
P101-PWY	ectoine biosynthesis	45.8257	0.0	0.0	0.0	0.0	0.0	0.0	16.3491	0.0	0.0	0.0	15.2159
P105-PWY	TCA cycle IV (2-oxoglutarate decarboxylase)	191.8775	226.8216	223.2274	235.6935	301.9952	178.6136	0.0	152.3865	73.9405	0.0	151.4167	254.9301
P108-PWY	pyruvate fermentation to propanoate I	297.3324	221.2455	362.6531	343.1972	409.5083	223.2733	267.3968	186.7093	136.8021	368.9679	261.6405	398.2416
P122-PWY	heterolactic fermentation	0.0	104.189	64.33	0.0	0.0	0.0	0.0	70.2003	0.0	0.0	0.0	68.8874
P124-PWY	Bifidobacterium shunt	323.3838	205.0849	198.9554	210.1511	185.295	88.2113	156.5118	78.0926	28.2826	103.0284	135.1262	333.8098
P125-PWY	superpathway of (R,R)-butanediol biosynthesis	245.0039	61.1577	38.1318	45.2594	37.0061	38.018	0.0	70.4262	11.8983	0.0	11.9618	137.386
P161-PWY	acetylene degradation	0.0	134.7066	152.4581	123.8476	90.7277	170.4621	0.0	106.1538	19.2908	23.3364	49.2576	116.3703
P163-PWY	L-lysine fermentation to acetate and butanoate	0.0	24.2908	0.0	0.0	0.0	0.0	0.0	0.0	0.0	0.0	0.0	29.3552
P221-PWY	octane oxidation	0.0	120.6962	49.4492	0.0	0.0	0.0	0.0	0.0	36.0771	0.0	0.0	29.4057
P23-PWY	reductive TCA cycle I	214.0683	200.7611	243.0647	0.0	248.1195	57.7977	131.808	127.0025	79.2469	161.3455	150.333	304.754
P261-PWY	coenzyme M biosynthesis I	84.6498	0.0	0.0	0.0	0.0	0.0	0.0	0.0	0.0	0.0	0.0	55.5524
P281-PWY	3-phenylpropanoate degradation	25.3585	0.0	0.0	0.0	27.6906	0.0	0.0	0.0	0.0	0.0	0.0	0.0
P4-PWY	superpathway of L-lysine, L-threonine and L-methionine biosynthesis I	167.6055	157.8495	192.892	242.8488	307.2946	178.0903	187.8917	203.1395	51.0947	251.1597	151.1692	271.2769
P42-PWY	incomplete reductive TCA cycle	284.2197	218.4778	285.4241	110.1022	174.5381	57.8797	87.086	83.1764	107.3042	103.8304	115.9815	351.8697
P461-PWY	hexitol fermentation to lactate, formate, ethanol and acetate	0.0	38.7343	0.0	0.0	0.0	0.0	0.0	102.9787	0.0	0.0	0.0	0.0
P562-PWY	myo-inositol degradation I	189.3333	81.2903	45.0735	48.0	39.1579	24.0	0.0	65.0	0.0	0.0	12.6316	120.7554
P621-PWY	nylon-6 oligomer degradation	28.0	0.0	0.0	0.0	0.0	0.0	0.0	0.0	0.0	0.0	0.0	0.0
PANTO-PWY	phosphopantothenate biosynthesis I	230.0361	177.6923	298.4741	341.0	404.2757	215.0	270.6184	245.9385	109.311	305.9431	232.2729	307.0691
PANTOSYN-PWY	pantothenate and coenzyme A biosynthesis I	207.6363	184.0175	296.7606	328.1748	387.3203	211.9685	259.017	231.9845	106.0313	230.0082	217.0533	297.0435
PENTOSE-P-PWY	pentose phosphate pathway	282.6141	220.5488	300.1877	355.5657	412.7162	198.847	276.6531	288.501	102.9036	288.1832	243.5718	330.3261
PEPTIDOGLYCANSYN-PWY	peptidoglycan biosynthesis I (meso-diaminopimelate containing)	200.5623	182.2857	283.6725	353.2765	425.8	219.5493	270.5845	261.32099999999997	111.20200000000001	333.7565	226.3647	305.4374
PHOSLIPSYN-PWY	superpathway of phospholipid biosynthesis I (bacteria)	227.6503	235.1042	369.1615	400.6255	497.3448	244.2154	349.7597	324.3001	130.4513	398.9199	295.1706	329.2609
POLYAMINSYN3-PWY	superpathway of polyamine biosynthesis II	0.0	56.4628	21.843000000000004	0.0	63.5455	29.1091	50.0897	80.3175	0.0	22.2262	25.2528	35.6832
POLYAMSYN-PWY	superpathway of polyamine biosynthesis I	17.3948	56.4783	31.4503	85.9181	88.4816	49.0007	92.5632	81.1681	0.0	61.9843	60.9108	57.5941
POLYISOPRENSYN-PWY	polyisoprenoid biosynthesis (E. coli)	156.6658	192.3445	290.8323	295.4867	404.7455	169.0458	258.3535	236.4737	90.8516	325.6618	234.7366	255.3844
PPGPPMET-PWY	ppGpp biosynthesis	82.9616	0.0	0.0	0.0	0.0	0.0	0.0	0.0	0.0	0.0	0.0	39.8794
PROTOCATECHUATE-ORTHO-CLEAVAGE-PWY	protocatechuate degradation II (ortho-cleavage pathway)	283.4745	168.9439	157.1168	189.6681	129.2623	79.8732	117.1784	42.449	0.0	63.2322	98.9888	183.8215
PRPP-PWY	superpathway of histidine, purine, and pyrimidine biosynthesis	147.3557	0.0	172.1331	0.0	135.9916	0.0	55.6765	199.1859	50.7088	77.3017	117.3939	132.16299999999998
PWY-1269	CMP-3-deoxy-D-manno-octulosonate biosynthesis I	32.0	35.8103	129.0	65.0	158.0	72.0	135.0	174.7548	30.0	209.0	127.0	69.0
PWY-1622	formaldehyde assimilation I (serine pathway)	48.4293	0.0	0.0	0.0	37.3606	0.0	0.0	0.0	0.0	0.0	0.0	41.4655
PWY-181	photorespiration	0.0	50.7388	0.0	0.0	89.5883	0.0	0.0	61.4329	0.0	0.0	0.0	0.0
PWY-1861	formaldehyde assimilation II (RuMP Cycle)	0.0	0.0	0.0	122.4551	106.0949	63.68	0.0	254.2761	0.0	0.0	36.3115	37.5
PWY-2221	Entner-Doudoroff pathway III (semi-phosphorylative)	67.0466	0.0	0.0	0.0	0.0	0.0	0.0	0.0	0.0	0.0	0.0	107.9244
PWY-2941	L-lysine biosynthesis II	0.0	49.7902	0.0	0.0	0.0	0.0	0.0	151.1038	0.0	0.0	0.0	0.0
PWY-2942	L-lysine biosynthesis III	241.2662	224.0911	344.5698	372.3487	452.6572	239.72299999999998	283.3637	305.9601	119.5297	335.7176	258.1015	369.8135
PWY-3001	superpathway of L-isoleucine biosynthesis I	273.505	198.7105	375.4862	379.3058	458.4884	237.7145	284.6055	294.6394	118.8874	345.3205	266.3283	373.9731
PWY-3781	aerobic respiration I (cytochrome c)	727.9135	657.9781	1006.1638	1042.8546	1287.8941	707.7368	787.1942	708.8431	273.4877	981.26	749.3075	1100.4336
PWY-4361	S-methyl-5-thio-&alpha;-D-ribose 1-phosphate degradation	0.0	18.3471	0.0	0.0	0.0	0.0	0.0	0.0	0.0	0.0	0.0	0.0
PWY-4984	urea cycle	233.8378	89.8329	184.3435	0.0	83.949	0.0	78.8625	126.1893	18.0642	87.4154	62.9928	250.0346
PWY-5022	4-aminobutanoate degradation V	97.7807	184.5503	138.8013	0.0	230.3766	0.0	68.4387	0.0	24.3582	66.6067	111.9196	207.5951
PWY-5028	L-histidine degradation II	24.6509	0.0	0.0	0.0	0.0	0.0	0.0	0.0	0.0	0.0	0.0	0.0
PWY-5097	L-lysine biosynthesis VI	231.22	209.5712	324.8117	345.7044	412.2401	235.8486	280.5861	296.075	115.9041	329.2556	251.5704	345.0738
PWY-5100	pyruvate fermentation to acetate and lactate II	113.3674	92.0981	100.5386	0.0	88.9658	18.624000000000002	42.4293	112.4206	14.2835	18.1748	50.9494	172.8079
PWY-5101	L-isoleucine biosynthesis II	515.6983	281.2756	508.0782	486.4559	617.491	301.2082	376.6905	342.5615	164.4181	443.3918	352.486	569.0927
PWY-5103	L-isoleucine biosynthesis III	332.3489	229.7152	416.1341	425.7239	537.744	258.7564	333.6169	287.68	142.7397	397.4675	306.4257	435.4949
PWY-5104	L-isoleucine biosynthesis IV	346.4019	204.418	155.95	85.4538	139.1627	43.3711	67.3185	66.1616	95.3881	80.5245	81.9933	338.485
PWY-5121	superpathway of geranylgeranyl diphosphate biosynthesis II (via MEP)	199.1202	184.5075	292.0114	305.9115	360.337	200.2463	242.5265	214.89	96.0117	149.7008	195.6997	300.4192
PWY-5154	L-arginine biosynthesis III (via N-acetyl-L-citrulline)	239.9942	121.944	207.11599999999999	259.4607	327.1229	133.1698	258.64	206.2969	84.9331	288.1613	183.9823	291.6192
PWY-5180	toluene degradation I (aerobic) (via o-cresol)	0.0	133.64600000000002	58.5068	0.0	0.0	46.282	0.0	0.0	23.6872	0.0	0.0	26.1019
PWY-5181	toluene degradation III (aerobic) (via p-cresol)	47.2452	0.0	0.0	0.0	0.0	0.0	0.0	0.0	0.0	0.0	0.0	0.0
PWY-5182	toluene degradation II (aerobic) (via 4-methylcatechol)	0.0	133.64600000000002	58.5068	0.0	0.0	46.282	0.0	0.0	23.6872	0.0	0.0	26.1019
PWY-5188	tetrapyrrole biosynthesis I (from glutamate)	257.8568	186.6136	346.6101	324.8953	388.6159	221.6153	276.9392	263.5361	115.2979	337.0163	270.8453	341.3677
PWY-5189	tetrapyrrole biosynthesis II (from glycine)	221.2901	170.4425	316.5032	298.6499	355.7753	219.4547	272.4755	262.9508	117.3239	333.205	258.0104	306.455
PWY-5198	factor 420 biosynthesis	27.541	0.0	53.1207	0.0	32.7864	0.0	11.3898	0.0	14.382	16.7358	33.2912	26.2124
PWY-5304	superpathway of sulfur oxidation (Acidianus ambivalens)	0.0	71.0	38.0	0.0	0.0	0.0	0.0	125.0	0.0	0.0	0.0	36.66
PWY-5345	superpathway of L-methionine biosynthesis (by sulfhydrylation)	205.4894	149.2046	248.6594	254.7876	303.9377	171.5711	218.8088	183.5269	66.3597	272.4741	209.4307	232.00400000000002
PWY-5347	superpathway of L-methionine biosynthesis (transsulfuration)	124.887	136.6503	179.5563	245.3178	278.5149	189.832	149.8856	230.0233	32.8303	256.251	123.4177	279.4217
PWY-5384	sucrose degradation IV (sucrose phosphorylase)	19.8772	3.9698	0.0	0.0	0.0	0.0	0.0	0.0	0.0	0.0	0.0	0.0
PWY-5392	reductive TCA cycle II	78.0268	0.0	125.1849	0.0	126.025	43.9004	90.8456	50.5091	0.0	96.7975	96.0243	107.7416
PWY-5415	catechol degradation I (meta-cleavage pathway)	0.0	66.0934	53.1863	0.0	0.0	23.9208	0.0	0.0	22.8448	0.0	0.0	27.9507
PWY-5417	catechol degradation III (ortho-cleavage pathway)	35.3609	0.0	0.0	0.0	0.0	0.0	0.0	0.0	0.0	0.0	0.0	0.0
PWY-5419	catechol degradation to 2-oxopent-4-enoate II	0.0	48.1081	23.4754	0.0	0.0	18.102	0.0	0.0	14.2163	0.0	0.0	18.5613
PWY-5420	catechol degradation II (meta-cleavage pathway)	0.0	66.8305	29.9686	0.0	0.0	20.6747	0.0	0.0	16.2274	0.0	0.0	19.1799
PWY-5431	aromatic compounds degradation via &beta;-ketoadipate	35.3609	0.0	0.0	0.0	0.0	0.0	0.0	0.0	0.0	0.0	0.0	0.0
PWY-5484	glycolysis II (from fructose 6-phosphate)	238.0232	206.7003	200.4279	388.835	453.1426	240.74400000000003	235.8437	291.5421	84.0974	279.7634	241.8187	297.2724
PWY-5505	L-glutamate and L-glutamine biosynthesis	63.7114	74.0376	277.27299999999997	141.4982	149.5477	74.5686	137.6724	102.2268	50.8367	83.1507	147.8195	179.8554
PWY-5509	adenosylcobalamin biosynthesis from cobyrinate a,c-diamide I	65.4752	39.4382	40.9096	70.8834	102.5648	54.8682	32.4308	92.7295	0.0	19.6611	34.8945	53.4274
PWY-5531	chlorophyllide a biosynthesis II (anaerobic)	0.0	0.0	0.0	0.0	47.3085	0.0	0.0	0.0	0.0	0.0	0.0	0.0
PWY-5532	adenosine nucleotides degradation IV	0.0	0.0	0.0	0.0	0.0	0.0	0.0	0.0	0.0	0.0	0.0	11.1941
PWY-5651	L-tryptophan degradation to 2-amino-3-carboxymuconate semialdehyde	0.0	23.9282	0.0	0.0	0.0	0.0	0.0	0.0	0.0	0.0	0.0	0.0
PWY-5654	2-amino-3-carboxymuconate semialdehyde degradation to 2-oxopentenoate	0.0	0.0	0.0	0.0	0.0	13.0	0.0	0.0	0.0	0.0	0.0	0.0
PWY-5656	mannosylglycerate biosynthesis I	0.0	0.0	0.0	0.0	0.0	0.0	0.0	0.0	7.9245	4.8987	0.0	0.0
PWY-5659	GDP-mannose biosynthesis	277.5836	260.8045	440.4623	394.8075	492.6597	240.8107	362.9127	266.5852	150.1829	385.9961	308.7397	390.8288
PWY-5667	CDP-diacylglycerol biosynthesis I	212.6649	239.685	338.7506	393.0876	517.7262	239.6183	335.4055	322.6599	127.9987	396.7126	276.7823	314.824
PWY-5676	acetyl-CoA fermentation to butanoate II	68.2161	43.7741	24.2855	0.0	49.9166	0.0	33.5945	0.0	0.0	15.4083	0.0	37.1581
PWY-5686	UMP biosynthesis	250.7509	188.0763	341.5903	386.7409	495.3731	246.933	317.0855	300.0164	120.6551	373.2653	281.6746	358.7153
PWY-5695	urate biosynthesis/inosine 5'-phosphate degradation	198.6629	169.3836	225.4932	318.0406	340.2562	184.5391	206.653	239.5244	85.9892	138.0625	172.9428	317.1814
PWY-5705	allantoin degradation to glyoxylate III	0.0	3.8869	0.0	0.0	0.0	0.0	0.0	0.0	0.0	0.0	0.0	0.0
PWY-5741	ethylmalonyl-CoA pathway	0.0	0.0	0.0	0.0	0.0	0.0	0.0	0.0	0.0	0.0	0.0	33.8721
PWY-5747	2-methylcitrate cycle II	14.2993	3.7289	0.0	45.2584	37.354	23.9775	0.0	0.0	0.0	0.0	12.3944	22.4216
PWY-5837	1,4-dihydroxy-2-naphthoate biosynthesis I	112.2836	41.0213	90.2454	80.7164	75.6986	34.2274	61.6776	80.4441	0.0	44.4455	61.857	119.8342
PWY-5838	superpathway of menaquinol-8 biosynthesis I	169.0306	74.5448	159.0744	156.4693	158.7695	58.3328	110.0252	106.7903	0.0	81.7022	108.6217	185.4658
PWY-5840	superpathway of menaquinol-7 biosynthesis	158.3058	75.9786	154.2785	155.8801	156.4297	58.4436	100.5013	107.4908	0.0	70.6381	101.2565	185.1011
PWY-5845	superpathway of menaquinol-9 biosynthesis	0.0	0.0	0.0	0.0	0.0	0.0	0.0	0.0	0.0	0.0	0.0	165.4084
PWY-5850	superpathway of menaquinol-6 biosynthesis I	0.0	0.0	0.0	0.0	0.0	0.0	0.0	0.0	0.0	0.0	0.0	165.4084
PWY-5855	ubiquinol-7 biosynthesis (prokaryotic)	74.1677	68.7424	0.0	92.3584	194.4593	85.8018	145.9301	159.6673	54.62	274.7932	95.0517	60.1546
PWY-5856	ubiquinol-9 biosynthesis (prokaryotic)	74.1677	68.7424	0.0	92.3584	194.4593	85.8018	145.9301	159.6673	54.62	274.7932	95.0517	60.1546
PWY-5857	ubiquinol-10 biosynthesis (prokaryotic)	74.1677	68.7424	0.0	92.3584	194.4593	85.8018	145.9301	159.6673	54.62	274.7932	95.0517	60.1546
PWY-5860	superpathway of demethylmenaquinol-6 biosynthesis I	0.0	0.0	0.0	0.0	0.0	0.0	0.0	0.0	0.0	0.0	0.0	126.0565
PWY-5861	superpathway of demethylmenaquinol-8 biosynthesis	129.7706	56.7468	124.1906	123.1487	119.2451	42.7553	84.5438	83.1249	0.0	59.211000000000006	83.6292	143.8386
PWY-5862	superpathway of demethylmenaquinol-9 biosynthesis	0.0	0.0	0.0	0.0	0.0	0.0	0.0	0.0	0.0	0.0	0.0	126.0565
PWY-5863	superpathway of phylloquinol biosynthesis	117.1397	45.7594	99.4223	88.5479	83.6675	37.9057	67.0726	85.5903	0.0	48.0697	67.64399999999999	130.0934
PWY-5896	superpathway of menaquinol-10 biosynthesis	0.0	0.0	0.0	0.0	0.0	0.0	0.0	0.0	0.0	0.0	0.0	165.4084
PWY-5897	superpathway of menaquinol-11 biosynthesis	174.4708	72.4186	152.4106	149.0365	148.7775	55.6922	104.3405	103.5796	0.0	76.6493	103.2904	182.9689
PWY-5898	superpathway of menaquinol-12 biosynthesis	174.4708	72.4186	152.4106	149.0365	148.7775	55.6922	104.3405	103.5796	0.0	76.6493	103.2904	182.9689
PWY-5899	superpathway of menaquinol-13 biosynthesis	174.4708	72.4186	152.4106	149.0365	148.7775	55.6922	104.3405	103.5796	0.0	76.6493	103.2904	182.9689
PWY-5910	superpathway of geranylgeranyldiphosphate biosynthesis I (via mevalonate)	0.0	0.0	0.0	0.0	0.0	0.0	0.0	66.018	0.0	0.0	0.0	0.0
PWY-5913	TCA cycle VI (obligate autotrophs)	163.3936	162.8098	222.2492	253.6586	323.9053	210.2506	187.74900000000002	241.1486	40.4607	250.0979	169.9821	182.8705
PWY-5918	superpathay of heme biosynthesis from glutamate	89.2317	139.2833	83.1083	168.2044	265.9762	141.816	177.4498	201.9099	68.1059	287.7237	133.4143	227.7031
PWY-5920	superpathway of heme biosynthesis from glycine	60.3599	99.5652	0.0	90.7273	139.3973	54.7383	83.3466	132.5846	42.3548	129.2022	79.8459	84.3363
PWY-5941	glycogen degradation II (eukaryotic)	116.8987	7.6594	0.0	0.0	66.14	0.0	0.0	0.0	0.0	0.0	0.0	136.1462
PWY-5973	cis-vaccenate biosynthesis	142.1609	208.5218	235.8432	223.7713	424.5433	181.5402	301.4363	346.2047	94.6667	422.8946	233.7117	283.4734
PWY-5989	stearate biosynthesis II (bacteria and plants)	74.1599	84.899	0.0	136.9343	266.8169	103.3403	160.2119	208.3389	32.5918	301.7943	119.3957	77.9031
PWY-6071	superpathway of phenylethylamine degradation	0.0	0.0	0.0	0.0	0.0	0.0	0.0	20.3597	0.0	0.0	0.0	36.2248
PWY-6107	chlorosalicylate degradation	28.2732	0.0	0.0	0.0	0.0	0.0	0.0	0.0	0.0	0.0	0.0	0.0
PWY-6121	5-aminoimidazole ribonucleotide biosynthesis I	236.7357	215.7833	363.0642	329.8727	391.6329	247.5045	313.4822	289.2635	137.8632	379.3628	287.4385	328.8712
PWY-6122	5-aminoimidazole ribonucleotide biosynthesis II	244.1814	208.4709	376.0504	341.6151	405.6762	252.9135	318.4703	284.9303	136.6361	379.2038	298.2635	342.2759
PWY-6123	inosine-5'-phosphate biosynthesis I	230.5261	169.7143	298.6945	313.439	378.5566	215.0	267.9664	256.3221	108.8532	326.438	241.1263	310.9426
PWY-6125	superpathway of guanosine nucleotides de novo biosynthesis II	218.7416	207.0668	339.7478	381.2282	468.9315	238.1025	284.0812	265.6635	118.5116	345.8482	260.9698	351.8293
PWY-6126	superpathway of adenosine nucleotides de novo biosynthesis II	278.0934	199.1902	375.9291	402.2265	506.6138	250.9489	318.2463	302.6196	129.0777	385.4377	288.8255	393.3332
PWY-6147	6-hydroxymethyl-dihydropterin diphosphate biosynthesis I	200.9419	163.9939	279.7335	320.9566	385.9554	225.4618	255.609	254.5831	97.3221	294.9487	230.1702	291.5514
PWY-6151	S-adenosyl-L-methionine cycle I	21.1741	46.8062	113.1259	0.0	0.0	0.0	32.8019	192.5456	0.0	0.0	57.3061	44.4095
PWY-6163	chorismate biosynthesis from 3-dehydroquinate	211.3529	156.3862	323.8817	366.7308	455.1778	228.2744	256.0712	248.0	102.2218	299.7495	258.5004	316.3046
PWY-6167	flavin biosynthesis II (archaea)	43.3741	0.0	83.8209	0.0	54.105	0.0	19.0377	0.0	22.8157	28.213	53.6378	51.8804
PWY-6182	superpathway of salicylate degradation	38.7707	0.0	0.0	0.0	0.0	0.0	0.0	0.0	0.0	0.0	0.0	0.0
PWY-6185	4-methylcatechol degradation (ortho cleavage)	31.4843	0.0	0.0	0.0	0.0	0.0	0.0	0.0	0.0	0.0	0.0	0.0
PWY-621	sucrose degradation III (sucrose invertase)	98.5414	134.1076	0.0	68.2781	57.7002	35.111999999999995	0.0	99.3696	0.0	0.0	18.4	65.9123
PWY-6263	superpathway of menaquinol-8 biosynthesis II	38.3954	85.2688	188.2291	0.0	94.9523	0.0	93.2972	71.86	20.6461	73.0053	103.8729	98.7373
PWY-6269	adenosylcobalamin salvage from cobinamide II	64.8332	38.9977	40.5238	69.1469	102.40100000000001	51.7824	35.3753	92.7848	0.0	20.0424	35.0	52.5827
PWY-6277	superpathway of 5-aminoimidazole ribonucleotide biosynthesis	244.1814	208.4709	376.0504	341.6151	405.6762	252.9135	318.4703	284.9303	136.6361	379.2038	298.2635	342.2759
PWY-6282	palmitoleate biosynthesis I (from (5Z)-dodec-5-enoate)	69.7667	82.4764	0.0	129.3241	258.699	99.4723	154.05700000000002	208.7992	31.7344	298.8005	115.2166	75.7836
PWY-6317	galactose degradation I (Leloir pathway)	204.4383	159.328	185.5562	227.9826	201.5174	110.3723	102.3085	137.2687	44.2937	95.1559	127.1062	252.5361
PWY-6349	CDP-archaeol biosynthesis	0.0	0.0	0.0	0.0	0.0	0.0	0.0	0.0	0.0	0.0	0.0	12.4685
PWY-6350	archaetidylinositol biosynthesis	0.0	0.0	0.0	0.0	0.0	0.0	0.0	0.0	0.0	0.0	0.0	13.389000000000001
PWY-6353	purine nucleotides degradation II (aerobic)	160.8739	146.0145	116.2188	150.4224	173.447	157.8907	0.0	112.0922	29.0191	0.0	82.5321	238.045
PWY-6383	mono-trans, poly-cis decaprenyl phosphate biosynthesis	0.0	96.6135	22.9504	0.0	27.4769	0.0	0.0	9.5423	15.1696	0.0	15.5875	66.4529
PWY-6385	peptidoglycan biosynthesis III (mycobacteria)	200.5623	179.4535	273.8298	353.2765	425.3772	219.5493	268.5859	259.8066	110.0366	316.8238	222.6345	305.4374
PWY-6386	UDP-N-acetylmuramoyl-pentapeptide biosynthesis II (lysine-containing)	202.8005	184.3284	266.0928	354.2173	424.5332	220.2946	269.311	261.9316	109.7745	259.0024	217.7822	300.6358
PWY-6387	UDP-N-acetylmuramoyl-pentapeptide biosynthesis I (meso-diaminopimelate containing)	202.7657	187.1883	279.2818	356.485	426.3006	220.7169	271.247	258.1636	111.8051	335.6377	222.9524	304.8445
PWY-6396	superpathway of 2,3-butanediol biosynthesis	236.1339	68.5	31.2614	0.0	0.0	18.4889	0.0	74.4756	11.3592	0.0	0.0	143.4318
PWY-6397	mycolyl-arabinogalactan-peptidoglycan complex biosynthesis	0.0	48.7524	19.0441	0.0	0.0	0.0	0.0	0.0	10.3785	0.0	0.0	0.0
PWY-6404	superpathway of mycolyl-arabinogalactan-peptidoglycan complex biosynthesis	0.0	107.2801	56.1778	0.0	0.0	0.0	0.0	0.0	28.4182	0.0	0.0	0.0
PWY-6467	Kdo transfer to lipid IVA III (Chlamydia)	32.0	31.0	144.0	65.0	158.0	59.0	168.0	163.0	30.0	221.0	127.0	79.0
PWY-6478	GDP-D-glycero-&alpha;-D-manno-heptose biosynthesis	35.7879	0.0	92.9804	112.37	110.4666	43.2076	135.7011	70.6631	0.0	139.2569	120.8224	70.6114
PWY-6507	4-deoxy-L-threo-hex-4-enopyranuronate degradation	0.0	54.8572	0.0	0.0	0.0	0.0	0.0	95.9436	0.0	0.0	0.0	0.0
PWY-6519	8-amino-7-oxononanoate biosynthesis I	38.9715	49.6553	0.0	124.6975	227.5921	99.1399	145.1007	178.9063	29.1627	279.4823	109.0375	45.3657
PWY-6545	pyrimidine deoxyribonucleotides de novo biosynthesis III	0.0	148.3277	134.7405	170.29	248.9732	0.0	0.0	61.7668	49.3222	65.7502	28.7914	105.6095
PWY-6562	norspermidine biosynthesis	0.0	0.0	0.0	0.0	0.0	0.0	0.0	19.4191	0.0	0.0	0.0	0.0
PWY-6572	chondroitin sulfate degradation I (bacterial)	0.0	16.6667	0.0	0.0	0.0	0.0	0.0	0.0	0.0	0.0	0.0	0.0
PWY-6588	pyruvate fermentation to acetone	145.2617	52.9458	0.0	0.0	60.0755	0.0	0.0	0.0	0.0	0.0	0.0	89.6263
PWY-6590	superpathway of Clostridium acetobutylicum acidogenic fermentation	0.0	0.0	0.0	0.0	0.0	0.0	0.0	0.0	0.0	0.0	0.0	30.8563
PWY-6608	guanosine nucleotides degradation III	174.3425	141.8383	109.7198	111.2115	138.8893	142.8886	119.4473	115.0302	32.2979	95.0094	83.4045	216.2423
PWY-6609	adenine and adenosine salvage III	153.0	136.028	228.894	289.8106	295.8436	162.8775	180.8854	213.7077	67.4043	89.7013	149.3035	290.33
PWY-6612	superpathway of tetrahydrofolate biosynthesis	158.4917	178.4317	170.5694	205.6663	286.0719	148.1311	192.1819	223.3033	75.6295	284.7766	164.3728	232.3823
PWY-6628	superpathway of L-phenylalanine biosynthesis	75.0863	117.2138	0.0	0.0	0.0	86.6097	129.1976	85.2844	69.5789	193.7088	0.0	0.0
PWY-6630	superpathway of L-tyrosine biosynthesis	75.0863	115.5118	0.0	0.0	0.0	86.3274	129.1976	85.2071	69.5789	193.7088	0.0	0.0
PWY-6654	phosphopantothenate biosynthesis III	28.1478	0.0	53.6911	0.0	32.2993	0.0	11.513	0.0	13.0519	16.5557	33.993	35.5776
PWY-6690	cinnamate and 3-hydroxycinnamate degradation to 2-oxopent-4-enoate	0.0	60.411	22.8558	0.0	0.0	0.0	0.0	0.0	16.3636	0.0	0.0	0.0
PWY-6700	queuosine biosynthesis	54.4045	112.1453	181.1155	97.0051	229.2911	80.2192	187.1141	231.5332	66.611	278.1901	148.0221	113.7764
PWY-6703	preQ0 biosynthesis	162.9887	68.1178	159.0904	97.1712	256.3793	88.3989	179.4785	214.5189	74.8527	119.8268	157.3886	182.6342
PWY-6708	ubiquinol-8 biosynthesis (prokaryotic)	74.1677	68.7424	0.0	92.3584	194.4593	85.8018	145.9301	159.6673	54.62	274.7932	95.0517	60.1546
PWY-6728	methylaspartate cycle	0.0	0.0	0.0	0.0	0.0	0.0	0.0	0.0	0.0	0.0	0.0	79.6823
PWY-6737	starch degradation V	125.78299999999999	146.4377	163.3154	161.5296	177.5369	104.0706	82.5843	163.4875	38.2734	101.387	111.417	181.9187
PWY-6749	CMP-legionaminate biosynthesis I	0.0	0.0	0.0	0.0	0.0	0.0	0.0	0.0	0.0	44.8711	21.0756	37.7222
PWY-6876	isopropanol biosynthesis	145.2617	0.0	0.0	0.0	34.3104	0.0	0.0	0.0	0.0	0.0	0.0	89.6263
PWY-6891	thiazole biosynthesis II (Bacillus)	0.0	32.5462	0.0	0.0	0.0	0.0	0.0	102.8453	0.0	0.0	0.0	0.0
PWY-6892	thiazole biosynthesis I (E. coli)	0.0	68.3919	151.5173	0.0	0.0	0.0	48.5523	35.0207	0.0	0.0	75.8176	0.0
PWY-6895	superpathway of thiamin diphosphate biosynthesis II	0.0	92.6161	0.0	0.0	0.0	0.0	0.0	163.0279	0.0	0.0	0.0	0.0
PWY-6897	thiamin salvage II	204.3514	181.2554	317.1977	316.2793	400.4217	219.1654	279.4394	208.19099999999997	103.0161	207.3552	218.7902	306.1901
PWY-6901	superpathway of glucose and xylose degradation	0.0	133.8035	116.6813	0.0	0.0	0.0	0.0	202.68099999999998	0.0	0.0	0.0	114.7216
PWY-6915	pentalenolactone biosynthesis	0.0	0.0	0.0	0.0	0.0	0.0	0.0	0.0	0.0	0.0	0.0	7.0333
PWY-6919	neopentalenoketolactone and pentalenate biosynthesis	0.0	0.0	0.0	0.0	0.0	0.0	0.0	0.0	0.0	0.0	0.0	12.66
PWY-6948	sitosterol degradation to androstenedione	0.0	56.4286	21.8539	0.0	0.0	0.0	0.0	0.0	16.6337	0.0	0.0	0.0
PWY-6969	TCA cycle V (2-oxoglutarate:ferredoxin oxidoreductase)	281.0938	240.332	389.4075	376.0719	476.5601	277.4065	312.996	284.3951	136.6881	382.8827	295.5531	419.4081
PWY-7007	methyl ketone biosynthesis	123.2324	77.6039	36.3906	69.8716	58.1555	34.8149	0.0	9.8324	19.0934	0.0	19.344	133.8504
PWY-7013	L-1,2-propanediol degradation	0.0	125.1964	50.4094	0.0	0.0	0.0	0.0	0.0	0.0	0.0	0.0	0.0
PWY-7090	UDP-2,3-diacetamido-2,3-dideoxy-&alpha;-D-mannuronate biosynthesis	0.0	0.0	0.0	0.0	0.0	0.0	0.0	14.6341	0.0	0.0	0.0	0.0
PWY-7094	fatty acid salvage	339.7386	261.1183	401.423	410.8409	381.0343	149.2859	384.6812	133.8365	191.421	326.7113	255.5575	358.5543
PWY-7111	pyruvate fermentation to isobutanol (engineered)	703.5445	329.1381	523.1612	482.0321	599.2599	316.4397	347.9381	357.8148	165.22	404.2183	341.7532	620.8476
PWY-7159	chlorophyllide a biosynthesis III (aerobic, light independent)	0.0	0.0	0.0	0.0	47.3085	0.0	0.0	0.0	0.0	0.0	0.0	0.0
PWY-7184	pyrimidine deoxyribonucleotides de novo biosynthesis I	193.361	171.5818	201.9168	238.185	328.9073	167.4087	220.998	218.9462	86.5508	317.2689	191.1575	279.3752
PWY-7187	pyrimidine deoxyribonucleotides de novo biosynthesis II	108.4855	0.0	112.6269	0.0	116.6504	0.0	46.8818	150.9988	40.7623	70.5433	94.4122	109.7834
PWY-7196	superpathway of pyrimidine ribonucleosides salvage	0.0	141.084	145.0793	0.0	120.59700000000001	36.9959	99.2894	231.6315	0.0	110.8216	107.8136	205.5632
PWY-7197	pyrimidine deoxyribonucleotide phosphorylation	206.7416	165.0	332.528	341.0	441.4717	215.0	264.3974	238.3764	116.616	335.3237	248.9891	315.885
PWY-7198	pyrimidine deoxyribonucleotides de novo biosynthesis IV	0.0	43.0121	0.0	0.0	0.0	0.0	0.0	0.0	0.0	0.0	0.0	16.8242
PWY-7199	pyrimidine deoxyribonucleosides salvage	0.0	126.0	87.7112	72.1382	111.22	75.5237	71.6774	151.5111	26.875	94.6525	71.11	121.9124
PWY-7200	superpathway of pyrimidine deoxyribonucleoside salvage	0.0	138.3459	144.56799999999998	111.1063	172.9044	104.5006	118.4669	180.9276	45.3774	160.4634	110.6981	173.7118
PWY-7208	superpathway of pyrimidine nucleobases salvage	249.3312	217.6815	374.6055	418.0377	507.3968	270.04	301.726	299.2471	129.1429	378.2857	284.2269	384.2679
PWY-7210	pyrimidine deoxyribonucleotides biosynthesis from CTP	0.0	56.7269	0.0	0.0	0.0	0.0	0.0	0.0	0.0	0.0	0.0	23.7036
PWY-7211	superpathway of pyrimidine deoxyribonucleotides de novo biosynthesis	202.9554	178.7104	241.3936	283.2558	378.0518	198.2759	249.4606	223.53	85.8268	233.1792	209.0847	299.8042
PWY-7219	adenosine ribonucleotides de novo biosynthesis	335.8999	195.4073	376.8313	402.2878	518.055	253.1885	323.0756	313.7735	133.3518	396.2521	300.8603	422.79900000000004
PWY-7220	adenosine deoxyribonucleotides de novo biosynthesis II	250.9804	204.4679	374.7328	402.1448	492.1226	248.0236	312.0274	288.9256	123.7876	371.9045	274.2011	376.2272
PWY-7221	guanosine ribonucleotides de novo biosynthesis	207.9295	219.7697	335.48699999999997	366.915	463.4365	231.1674	269.409	254.0849	119.4658	333.205	251.855	343.4665
PWY-7222	guanosine deoxyribonucleotides de novo biosynthesis II	250.9804	204.4679	374.7328	402.1448	492.1226	248.0236	312.0274	288.9256	123.7876	371.9045	274.2011	376.2272
PWY-7228	superpathway of guanosine nucleotides de novo biosynthesis I	229.0915	216.2559	357.2732	388.8742	483.1795	242.4445	290.0194	271.5693	122.78	351.9049	266.5164	366.1421
PWY-7229	superpathway of adenosine nucleotides de novo biosynthesis I	297.4509	206.3154	387.4533	414.6345	521.3872	258.1426	332.5394	317.8635	132.2129	396.3006	301.1181	411.9797
PWY-7234	inosine-5'-phosphate biosynthesis III	100.5457	167.3239	230.36	186.4563	280.3394	138.5809	216.2402	235.80700000000002	79.6938	292.6491	192.3822	219.3662
PWY-7237	myo-, chiro- and scillo-inositol degradation	284.0	140.0	87.0	152.0	124.0	76.0	0.0	65.0	0.0	0.0	40.0	168.66
PWY-7242	D-fructuronate degradation	0.0	89.367	0.0	59.7925	49.5088	48.2389	0.0	159.8433	0.0	0.0	48.4151	60.5257
PWY-7254	TCA cycle VII (acetate-producers)	53.6072	157.7286	36.4026	93.7634	82.2404	50.2097	0.0	127.6602	25.7741	0.0	28.0095	82.6958
PWY-7255	ergothioneine biosynthesis I (bacteria)	51.3159	91.2859	21.9679	46.3047	39.7529	23.1738	0.0	13.3675	13.592	0.0	13.7701	52.8148
PWY-7286	7-(3-amino-3-carboxypropyl)-wyosine biosynthesis	0.0	0.0	0.0	0.0	0.0	0.0	0.0	0.0	0.0	0.0	0.0	8.7783
PWY-7323	superpathway of GDP-mannose-derived O-antigen building blocks biosynthesis	183.9603	191.783	290.272	182.5995	300.7602	118.1706	227.359	245.2163	77.0271	299.2196	215.2553	262.3924
PWY-7328	superpathway of UDP-glucose-derived O-antigen building blocks biosynthesis	76.4259	139.2851	50.7286	94.1275	104.5726	60.0162	139.701	51.6538	65.7232	195.1991	82.9644	118.4997
PWY-7332	superpathway of UDP-N-acetylglucosamine-derived O-antigen building blocks biosynthesis	215.9246	0.0	202.6028	240.482	228.0814	117.6917	191.6756	0.0	0.0	165.4863	154.4339	253.8938
PWY-7371	1,4-dihydroxy-6-naphthoate biosynthesis II	0.0	46.0	110.5798	0.0	29.2308	0.0	54.8491	36.0	0.0	41.5385	56.1039	36.3433
PWY-7373	superpathway of demethylmenaquinol-6 biosynthesis II	0.0	0.0	0.0	0.0	0.0	0.0	0.0	34.2857	0.0	0.0	0.0	0.0
PWY-7374	1,4-dihydroxy-6-naphthoate biosynthesis I	0.0	39.7382	0.0	0.0	0.0	0.0	0.0	22.973000000000003	0.0	0.0	0.0	28.359
PWY-7376	cob(II)yrinate a,c-diamide biosynthesis II (late cobalt incorporation)	74.3256	62.6775	30.6076	0.0	0.0	0.0	0.0	0.0	0.0	0.0	0.0	71.1821
PWY-7377	cob(II)yrinate a,c-diamide biosynthesis I (early cobalt insertion)	38.0819	0.0	42.5607	0.0	0.0	0.0	0.0	0.0	0.0	0.0	0.0	34.305
PWY-7392	taxadiene biosynthesis (engineered)	165.4112	177.0256	174.2888	0.0	86.7239	0.0	32.1794	158.9265	55.926	41.8449	77.0591	236.1683
PWY-7400	L-arginine biosynthesis IV (archaebacteria)	240.2427	178.0802	318.1721	345.5811	434.1253	221.0354	257.7053	257.8693	113.0469	281.6156	240.0437	336.3297
PWY-7431	aromatic biogenic amine degradation (bacteria)	182.1775	267.5145	179.4174	210.1991	167.2396	92.9972	159.9289	61.6613	59.6639	134.7626	130.4478	235.9794
PWY-7527	L-methionine salvage cycle III	0.0	26.2592	0.0	0.0	0.0	0.0	0.0	0.0	0.0	0.0	0.0	0.0
PWY-7539	6-hydroxymethyl-dihydropterin diphosphate biosynthesis III (Chlamydia)	200.3854	174.5376	283.9194	335.3377	390.1365	237.3943	270.7136	254.5831	99.3762	305.9933	230.3798	301.0579
PWY-7560	methylerythritol phosphate pathway II	204.1501	169.0634	279.242	306.3908	355.3418	215.0	265.0	228.1529	92.0	141.1846	187.2095	290.1314
PWY-7616	methanol oxidation to carbon dioxide	0.0	64.8614	29.588	73.3197	60.4866	36.9248	0.0	0.0	0.0	0.0	19.7185	15.3697
PWY-7663	gondoate biosynthesis (anaerobic)	128.4556	197.0265	219.5938	206.0614	422.0072	174.7415	302.3078	334.5947	94.5838	447.8228	231.4995	263.0701
PWY-7664	oleate biosynthesis IV (anaerobic)	73.1489	89.0575	0.0	134.1139	270.922	104.6521	164.3868	223.9743	34.7552	314.0709	123.2674	83.6832
PWY-841	superpathway of purine nucleotides de novo biosynthesis I	246.3036	201.2976	348.0564	362.1322	442.3406	240.5729	299.0718	282.5804	123.9703	361.7613	272.5045	354.4293
PWY-922	mevalonate pathway I	0.0	0.0	0.0	0.0	0.0	0.0	0.0	50.9396	0.0	0.0	0.0	0.0
PWY0-1061	superpathway of L-alanine biosynthesis	30.6726	81.5843	36.7331	97.5765	83.9195	49.891999999999996	0.0	14.5323	26.6563	0.0	28.2314	73.5205
PWY0-1241	ADP-L-glycero-&beta;-D-manno-heptose biosynthesis	53.5733	35.8831	111.4597	84.7124	194.2272	56.0006	144.4888	119.4311	20.5645	58.6587	79.747	80.8217
PWY0-1261	anhydromuropeptides recycling	125.1262	158.8058	0.0	0.0	133.9437	61.8561	122.1042	250.9937	0.0	92.1323	107.3294	211.6003
PWY0-1277	3-phenylpropanoate and 3-(3-hydroxyphenyl)propanoate degradation	0.0	104.8499	37.4044	0.0	0.0	0.0	0.0	0.0	18.9474	0.0	0.0	0.0
PWY0-1296	purine ribonucleosides degradation	153.0	69.5997	165.8251	178.1427	132.7557	71.7181	153.7285	135.9841	58.6119	86.8363	96.029	176.135
PWY0-1297	superpathway of purine deoxyribonucleosides degradation	115.3889	129.5371	131.9128	150.9803	113.6152	127.44	0.0	96.8207	36.0784	43.6577	62.1462	156.0018
PWY0-1298	superpathway of pyrimidine deoxyribonucleosides degradation	0.0	79.7664	109.3741	92.2138	70.4953	55.871	49.6981	106.12700000000001	19.7888	49.6944	55.6556	93.2422
PWY0-1319	CDP-diacylglycerol biosynthesis II	212.6649	239.685	338.7506	393.0876	517.7262	239.6183	335.4055	322.6599	127.9987	396.7126	276.7823	314.824
PWY0-1415	superpathway of heme biosynthesis from uroporphyrinogen-III	58.528	86.8808	49.1177	121.103	174.6426	97.4305	104.0919	116.9159	22.0498	89.8436	86.9901	127.8946
PWY0-1479	tRNA processing	55.5827	20.7183	0.0	0.0	0.0	0.0	0.0	0.0	0.0	0.0	0.0	0.0
PWY0-1533	methylphosphonate degradation I	30.5455	0.0	0.0	0.0	0.0	0.0	0.0	22.8571	0.0	0.0	0.0	0.0
PWY0-1586	peptidoglycan maturation (meso-diaminopimelate containing)	252.6157	189.1821	256.1271	407.8776	408.3445	275.7357	308.9187	297.2715	100.56700000000001	354.8393	245.6233	359.0139
PWY0-162	superpathway of pyrimidine ribonucleotides de novo biosynthesis	246.5833	191.8089	354.3043	393.9482	503.1938	250.5149	313.8896	294.3518	125.2567	380.9165	282.0088	362.7812
PWY0-166	superpathway of pyrimidine deoxyribonucleotides de novo biosynthesis (E. coli)	182.8592	158.2321	191.1655	234.8979	319.2975	165.2986	211.7683	204.9581	86.7287	308.0195	184.9469	257.7381
PWY0-321	phenylacetate degradation I (aerobic)	0.0	0.0	0.0	0.0	0.0	0.0	0.0	22.1158	0.0	0.0	0.0	31.3482
PWY0-42	2-methylcitrate cycle I	0.0	4.4188	0.0	51.1168	41.7565	28.4492	0.0	0.0	0.0	0.0	13.7845	26.1701
PWY0-781	aspartate superpathway	151.9722	151.3137	176.3084	239.85	306.8665	171.1011	158.0729	193.3524	49.9725	234.0027	152.1609	259.878
PWY0-862	(5Z)-dodec-5-enoate biosynthesis	64.0758	79.0958	0.0	119.5674	246.9814	94.1808	149.0366	209.3304	30.5909	295.0166	111.852	73.2854
PWY1G-0	mycothiol biosynthesis	0.0	71.1088	23.6344	69.6512	57.7769	38.428000000000004	0.0	6.0694	12.0748	0.0	35.0357	53.0591
PWY490-3	nitrate reduction VI (assimilatory)	152.6172	28.0601	28.1205	0.0	29.6217	0.0	0.0	0.0	0.0	0.0	0.0	111.5721
PWY4FS-7	phosphatidylglycerol biosynthesis I (plastidic)	219.2268	219.5568	352.6004	376.6772	457.2867	229.1124	332.0583	308.4821	125.3858	383.6455	282.3569	310.9586
PWY4FS-8	phosphatidylglycerol biosynthesis II (non-plastidic)	219.2268	219.5568	352.6004	376.6772	457.2867	229.1124	332.0583	308.4821	125.3858	383.6455	282.3569	310.9586
PWYG-321	mycolate biosynthesis	76.4228	93.4518	0.0	140.6548	284.5105	109.8033	170.9935	235.4808	36.23	323.9001	129.6114	87.4074
PYRIDNUCSAL-PWY	NAD salvage pathway I	147.679	116.6938	105.199	207.6054	187.4545	171.3646	0.0	113.2478	54.4496	253.8629	118.5224	202.4381
PYRIDNUCSYN-PWY	NAD biosynthesis I (from aspartate)	190.7216	147.7092	287.097	318.5026	375.9619	208.4984	262.1009	212.6658	101.6431	259.5717	221.0921	266.2328
REDCITCYC	TCA cycle VIII (helicobacter)	138.3872	230.3472	77.8029	263.6166	313.4256	188.8525	119.5389	132.7476	98.7798	205.2275	104.3217	274.2443
RHAMCAT-PWY	L-rhamnose degradation I	71.0	86.9923	37.0	0.0	0.0	0.0	0.0	62.7957	0.0	0.0	0.0	75.449
RIBOSYN2-PWY	flavin biosynthesis I (bacteria and plants)	234.84099999999998	168.6265	306.5753	325.7909	395.5124	216.3829	275.6603	248.0	109.4584	330.7083	241.7911	318.762
RUMP-PWY	formaldehyde oxidation I	0.0	0.0	0.0	93.34700000000001	80.268	47.2027	0.0	184.1248	0.0	0.0	27.5751	28.2068
SALVADEHYPOX-PWY	adenosine nucleotides degradation II	177.2641	146.549	100.4221	116.5177	131.9581	143.1095	110.1507	77.2671	28.7609	89.3017	75.9692	204.5924
SER-GLYSYN-PWY	superpathway of L-serine and glycine biosynthesis I	364.8869	228.2656	348.8813	346.2223	445.1474	231.8531	278.1639	305.1859	116.1502	292.2023	267.5067	411.0339
SO4ASSIM-PWY	sulfate reduction I (assimilatory)	266.134	183.1931	312.2348	325.0261	328.0981	168.0646	270.6454	249.3869	107.6809	247.5573	231.6846	282.4881
SULFATE-CYS-PWY	superpathway of sulfate assimilation and cysteine biosynthesis	224.6468	175.815	288.9136	283.5284	335.7565	183.3878	260.8057	255.7675	85.3502	226.9155	211.7315	286.5795
TCA	TCA cycle I (prokaryotic)	262.2693	239.799	379.4398	357.2746	469.1054	276.9661	304.4238	304.3398	130.247	391.0864	294.7786	407.2805
TCA-GLYOX-BYPASS	superpathway of glyoxylate bypass and TCA	94.6512	169.1168	89.5211	108.9809	140.1845	86.7293	0.0	109.976	32.5651	0.0	64.1235	117.1193
TEICHOICACID-PWY	teichoic acid (poly-glycerol) biosynthesis	0.0	24.7012	0.0	0.0	0.0	0.0	0.0	0.0	0.0	0.0	0.0	31.0775
THISYN-PWY	superpathway of thiamin diphosphate biosynthesis I	0.0	131.9875	243.0755	0.0	0.0	0.0	140.491	101.0085	0.0	0.0	152.3241	0.0
THRESYN-PWY	superpathway of L-threonine biosynthesis	226.2617	173.3153	337.9981	341.8452	404.7991	219.0161	251.6869	288.508	103.5662	309.2766	237.958	324.4736
TRNA-CHARGING-PWY	tRNA charging	147.3456	143.0771	284.2653	0.0	270.2334	74.2809	198.5653	260.788	80.2317	216.9253	215.842	247.6405
TRPSYN-PWY	L-tryptophan biosynthesis	227.0892	174.64700000000002	335.3518	358.8371	434.0161	243.2785	297.1808	283.6854	117.8452	357.4087	274.3541	323.69599999999997
TYRFUMCAT-PWY	L-tyrosine degradation I	24.0622	62.96	0.0	0.0	0.0	17.5595	38.6005	20.129	21.4286	65.9283	0.0	0.0
UBISYN-PWY	superpathway of ubiquinol-8 biosynthesis (prokaryotic)	71.3778	66.0529	0.0	93.4596	193.8919	84.2782	144.4755	157.0104	53.1054	272.5395	93.6406	58.2099
UDPNAGSYN-PWY	UDP-N-acetyl-D-glucosamine biosynthesis I	240.887	175.0586	275.3894	398.2032	474.2045	238.4543	290.2632	280.382	114.9358	345.5056	233.0582	361.4834
VALSYN-PWY	L-valine biosynthesis	554.1439	287.7659	475.4867	453.9188	572.3577	277.6461	354.0697	320.5828	157.1106	418.4759	324.3303	552.5239
