SampleID	Barcode	Reads_count	Count_in_R1	Count_in_R2	Sequencer_R1	Sequencer_R2	PrimerF_in_R1	PrimerR_in_R2	Perc_correct_barcode_R1	Perc_correct_barcode_R2	Perc_uniq_sequencer_R1	Perc_uniq_sequencer_R2	Perc_primerF_R1	Perc_primerR_R2
Ppet21j3	GGCCTC	105966	105966	105966	105966	105966	84605	85884	100	100	100	100	80	81
Cpet21j3	GGGTCT	84245	84245	84245	84245	84245	67767	67889	100	100	100	100	80	81
Cpet15j2	TGTCGT	96744	96744	96744	96744	96744	77821	78707	100	100	100	100	80	81
Ppet8j3	GCCGGT	99354	99354	99354	99354	99354	79376	79409	100	100	100	100	80	80
Ppet18h3	GTTGCG	89068	89068	89068	89068	89068	69832	70848	100	100	100	100	78	80
Ppa18h1	ATCGGG	86806	86806	86806	86806	86806	68398	69072	100	100	100	100	79	80
Ppa15j2	CTCGGT	107487	107487	107487	107487	107487	84919	85973	100	100	100	100	79	80
Cpa21j2	GGGGGA	100111	100111	100111	100111	100111	79294	80035	100	100	100	100	79	80
Ppet5j2	GCGCCC	94932	94932	94932	94932	94932	75043	75149	100	100	100	100	79	79
Ppet21j2	ACTGCG	91938	91938	91938	91938	91938	71431	72227	100	100	100	100	78	79
Ppet15j2	TAAGGG	101041	101041	101041	101041	101041	79229	79792	100	100	100	100	78	79
Ppa24h2	GAGGGC	87862	87862	87862	87862	87862	68656	69464	100	100	100	100	78	79
Ppa21j1	GTGTTT	89138	89138	89138	89138	89138	69473	70530	100	100	100	100	78	79
Ppa18h2	AGTCGG	95150	95150	95150	95150	95150	74787	75594	100	100	100	100	79	79
Cpet5j1	AGGCGC	73800	73800	73800	73800	73800	58656	58239	100	100	100	100	79	79
Cpet15j1	AACGTC	98007	98007	98007	98007	98007	76290	76958	100	100	100	100	78	79
Cpa8j1	GCTTCG	79816	79816	79816	79816	79816	62789	63377	100	100	100	100	79	79
Cpa15j3	GCCCAC	107028	107028	107028	107028	107028	83554	84401	100	100	100	100	78	79
Cpa15j2	ATTTGT	109435	109435	109435	109435	109435	85100	85993	100	100	100	100	78	79
Ppet18h1	GTTCTT	98861	98861	98861	98861	98861	76372	77265	100	100	100	100	77	78
Ppet15j3	ATCGTT	99343	99343	99343	99343	99343	76729	77651	100	100	100	100	77	78
Ppa8j1	AGTGCT	95992	95992	95992	95992	95992	74983	75100	100	100	100	100	78	78
Ppa15j3	TCGAAC	110185	110185	110185	110185	110185	85012	86115	100	100	100	100	77	78
Ppa15j1	CCCGGC	113725	113725	113725	113725	113725	88114	88508	100	100	100	100	77	78
Cpet8j2	TAGATC	83154	83154	83154	83154	83154	64187	64643	100	100	100	100	77	78
Cpet5j3	TGATGC	78998	78998	78998	78998	78998	61561	61955	100	100	100	100	78	78
Cpet24h3	TCAGCG	75132	75132	75132	75132	75132	57968	58484	100	100	100	100	77	78
Cpet21j1	TTGACT	111223	111223	111223	111223	111223	86507	87052	100	100	100	100	78	78
Cpet18h1	GACGAT	67887	67887	67887	67887	67887	51900	52840	100	100	100	100	76	78
Cpa18h2	GCACTG	76689	76689	76689	76689	76689	59353	59953	100	100	100	100	77	78
Ppet8j1	TGCACG	85213	85213	85213	85213	85213	66992	65855	100	100	100	100	79	77
Ppet5j3	AAGGCC	95186	95186	95186	95186	95186	74340	73209	100	100	100	100	78	77
Ppet5j1	CGCGTG	90401	90401	90401	90401	90401	71624	69633	100	100	100	100	79	77
Ppet24h2	AGAAGT	116843	116843	116843	116843	116843	88248	89587	100	100	100	100	76	77
Ppa5j3	GGTCAC	99433	99433	99433	99433	99433	77829	76493	100	100	100	100	78	77
Ppa5j1	CGTTTC	92723	92723	92723	92723	92723	71795	71135	100	100	100	100	77	77
Ppa21j2	ACCCCC	121755	121755	121755	121755	121755	92737	93964	100	100	100	100	76	77
Cpet5j2	AATCCG	68501	68501	68501	68501	68501	52306	52499	100	100	100	100	76	77
Cpet18h3	CGAAGG	67746	67746	67746	67746	67746	51567	51953	100	100	100	100	76	77
Cpet18h2	ATTCTC	71916	71916	71916	71916	71916	54538	55152	100	100	100	100	76	77
Cpa5j1	CTTGAC	102661	102661	102661	102661	102661	78933	78564	100	100	100	100	77	77
Cpa24h1	GTGTAG	75270	75270	75270	75270	75270	57127	57846	100	100	100	100	76	77
Cpa21j3	TAGTAC	99287	99287	99287	99287	99287	76401	76935	100	100	100	100	77	77
Cpa15j1	CGGAAC	104491	104491	104491	104491	104491	81050	80661	100	100	100	100	78	77
Ppet24h3	TCTTAA	111138	111138	111138	111138	111138	83486	84544	100	100	100	100	75	76
Ppet21j1	GAGCAA	96760	96760	96760	96760	96760	72621	73192	100	100	100	100	75	76
Ppet18h2	ACAGAC	111301	111301	111301	111301	111301	83900	84851	100	100	100	100	75	76
Ppa8j2	GACATC	123694	123694	123694	123694	123694	95632	94224	100	100	100	100	77	76
Ppa5j2	CCCGTT	98125	98125	98125	98125	98125	75419	74607	100	100	100	100	77	76
Ppa24h3	TACAAG	103861	103861	103861	103861	103861	78044	78840	100	100	100	100	75	76
Ppa21j3	ACTTTT	130863	130863	130863	130863	130863	98392	99668	100	100	100	100	75	76
Ppa18h3	TACTCA	112198	112198	112198	112198	112198	84492	85472	100	100	100	100	75	76
Cpet8j3	GTGAAT	83393	83393	83393	83393	83393	63387	63343	100	100	100	100	76	76
Cpet8j1	ATCTAT	91957	91957	91957	91957	91957	69749	69459	100	100	100	100	76	76
Cpet24h1	TTGAAG	72128	72128	72128	72128	72128	54290	54487	100	100	100	100	75	76
Cpa8j3	GACTTT	91468	91468	91468	91468	91468	69908	69594	100	100	100	100	76	76
Cpa8j2	AGAATC	109932	109932	109932	109932	109932	83585	83477	100	100	100	100	76	76
Cpa5j2	TTAAGG	85441	85441	85441	85441	85441	65006	64622	100	100	100	100	76	76
Cpa24h2	CACCTC	113387	113387	113387	113387	113387	86013	86295	100	100	100	100	76	76
Cpa21j1	AACCAT	124691	124691	124691	124691	124691	94243	95109	100	100	100	100	76	76
Cpa18h1	CCAAGC	101154	101154	101154	101154	101154	75911	76851	100	100	100	100	75	76
Cpa0h2	ATTAGG	69510	69510	69510	69510	69510	52587	52892	100	100	100	100	76	76
Cpa0h1	TTACTC	114873	114873	114873	114873	114873	86945	87591	100	100	100	100	76	76
Ppet8j2	CAGTGA	95711	95711	95711	95711	95711	72988	71588	100	100	100	100	76	75
Ppet24h1	AAACTC	122781	122781	122781	122781	122781	90964	92231	100	100	100	100	74	75
Ppet15j1	CTTAAA	127424	127424	127424	127424	127424	94893	95934	100	100	100	100	74	75
Ppa24h1	ATAACG	110693	110693	110693	110693	110693	82115	83201	100	100	100	100	74	75
Cpet21j2	ACATTA	107452	107452	107452	107452	107452	79712	80411	100	100	100	100	74	75
Cpa24h3	TAAATG	97337	97337	97337	97337	97337	72363	72676	100	100	100	100	74	75
Cpa18h3	CGTTAA	81677	81677	81677	81677	81677	61260	61360	100	100	100	100	75	75
Cpet15j3	CACTAA	109777	109777	109777	109777	109777	80518	81284	100	100	100	100	73	74
Cpet0h2	AAAGCG	105040	105040	105040	105040	105040	78217	76355	100	100	100	100	74	73
Cpet24h2	AAAGTA	87577	87577	87577	87577	87577	62186	62574	100	100	100	100	71	71
Cpet0h1	GCCTAA	115301	115301	115301	115301	115301	86935	81947	100	100	100	100	75	71
Cpa5j3	AAGTAA	106267	106267	106267	106267	106267	75210	73664	100	100	100	100	71	69
Ppa0h1	TTGCTA	2403	2403	2403	2403	2403	422	867	100	100	100	100	18	36
Ppa0h2	TCTTCT	3965	3965	3965	3965	3965	397	643	100	100	100	100	10	16
